18094575518128389	2026-04-30T11:30:16+0000	3750	A real man’s watch isn’t just about time… it’s about presence. | OCHSTIN CHRONOGRAPH GENTS WATCH #6063 – KES 3750 | ❇️ Date display	https://www.instagram.com/p/DXwRKFDCKT9/	https://scontent-iad6-1.cdninstagram.com/v/t39.30808-6/686482515_122174523818620364_3782903643718243163_n.jpg?stp=dst-jpg_e35_tt6&_nc_cat=109&ccb=7-5&_nc_sid=18de74&efg=eyJlZmdfdGFnIjoiRkVFRC5iZXN0X2ltYWdlX3VybGdlbi5DMyJ9&_nc_ohc=lCxGPaj-GIIQ7kNvwHy4zhe&_nc_oc=Adrfr6gbwVSdXpau3qzDu0DPlwlxwlzK27KO6bE-kxvJfAX_AkEQCHsCQ-nDMM2TJt4&_nc_zt=23&_nc_ht=scontent-iad6-1.cdninstagram.com&edm=ANo9K5cEAAAA&_nc_gid=b1hkRbRb3fDJyky43tiSEg&_nc_tpa=Q5bMBQJiw4_fGHPLrhrgBCVqWm6uXm9qu-mDFLz90np61GxcwmNsyld3D7SACNOJkKwrTonHt8JUzVbk6A&oh=00_AQG_7J2RAaikSt160-WTlS_STw_EtkFhu0Mfs9uJP3VFNw&oe=6A8FA712
18320945482248495	2026-04-30T08:29:04+0000	3750	Upgrade your walk with the Timberland™ Signature City Walk Comfort Sneakers — designed for men who want style and all-day comfort. | ✔️ Premium leather finish – sharp, clean, professional | ✔️ Ultra-light cushioning – walk all day, no fatigue	https://www.instagram.com/p/DXv8bKijWZB/	https://scontent-iad6-1.cdninstagram.com/v/t39.30808-6/684344625_122174523026620364_1214105806560189767_n.jpg?stp=dst-jpg_e35_tt6&_nc_cat=100&ccb=7-5&_nc_sid=18de74&efg=eyJlZmdfdGFnIjoiRkVFRC5iZXN0X2ltYWdlX3VybGdlbi5DMyJ9&_nc_ohc=lQ6tkvsKhIkQ7kNvwHMeIXD&_nc_oc=Adra3dGbK2wkiq-haB4NHE2fgu6xr9AXu847Kyi0tXYf3FQae04dblSZL95NaZ7SJA0&_nc_zt=23&_nc_ht=scontent-iad6-1.cdninstagram.com&edm=ANo9K5cEAAAA&_nc_gid=b1hkRbRb3fDJyky43tiSEg&_nc_tpa=Q5bMBQJqO0j-rJ04gsZTQatNJL72kzNHbemg4uxsJxVPZpSDO8h1-rCi_cY13XvqxEgUT3eU6Zh0k9hfFg&oh=00_AQHx_zU3jD2AqplftQhYf8RzA6Q6ZcxiYYU8GVXc1DQ0jw&oe=6A8FB58F
17960689407087808	2026-04-30T06:32:55+0000	3450	Tired of watches that fade or stop working fast? | Upgrade to NAVIFORCE LADIES WATCH #NF5060 – only KES 3450/- | ⛳️ Durable stainless steel	https://www.instagram.com/p/DXvvId-DdwF/	https://scontent-iad3-1.cdninstagram.com/v/t39.30808-6/684540755_122174524298620364_6662130077137001617_n.jpg?stp=dst-jpg_e35_tt6&_nc_cat=108&ccb=7-5&_nc_sid=18de74&efg=eyJlZmdfdGFnIjoiRkVFRC5iZXN0X2ltYWdlX3VybGdlbi5DMyJ9&_nc_ohc=x3zZ03OopawQ7kNvwG7WbDy&_nc_oc=AdocogZV1vWI2CsE4s_stC-Xa32Ms86LjuOsfCJJ6Z2OYGK4GOMEBjPkoTJsnFyasOo&_nc_zt=23&_nc_ht=scontent-iad3-1.cdninstagram.com&edm=ANo9K5cEAAAA&_nc_gid=b1hkRbRb3fDJyky43tiSEg&_nc_tpa=Q5bMBQLvGMIQSU0tbrfhsvo5gt7yhHv6YwSCrXnZD7EogG0sY0XTw7n5zIYUv42irRCpJHXGIPy7_r5CSg&oh=00_AQEY05eFW9q2KXrI3UhIUSBJ0em__JYYiJrurbu7Ggv7ig&oe=6A8FC7C4
17943667239190771	2026-04-30T06:28:34+0000	3950	DUVET COVER SET  | Luxury  Mulberry Silk Duvet cover set | ▫️ Size:6*6/6*7	https://www.instagram.com/p/DXvuoqEjSst/	https://scontent-iad6-1.cdninstagram.com/v/t39.30808-6/685128064_122174522390620364_3341443334332740513_n.jpg?stp=dst-jpg_e35_tt6&_nc_cat=102&ccb=7-5&_nc_sid=18de74&efg=eyJlZmdfdGFnIjoiQ0FST1VTRUxfSVRFTS5iZXN0X2ltYWdlX3VybGdlbi5DMyJ9&_nc_ohc=Wv6oDZGRifIQ7kNvwFPpF_d&_nc_oc=AdrEkl_xdna6JzNsgll9gLm-xnv5r9QmmENKejd_u2YXF8mNjXnft6VntKH-p7sKonw&_nc_zt=23&_nc_ht=scontent-iad6-1.cdninstagram.com&edm=ANo9K5cEAAAA&_nc_gid=b1hkRbRb3fDJyky43tiSEg&_nc_tpa=Q5bMBQJZ2yQpOVdtYhQgRKXLxEg3i39JS6JvwnX8QJ9QgW9XQ6We4QKZHeiIQNoEiSZWEUy05V9LctK09g&oh=00_AQFuTDQHmSi_YpSj4wMa3FcfUiIO1dUFs5yvNFMXJMbUMA&oe=6A8FB67D
18145281943431689	2025-11-26T01:49:23+0000		Blackout hits when you need to use your device most. Imagine everyone’s phone dies… except yours. | LUTF AH LU-PBW200 30,000mAh Solar Powerbank charges itself with the sun, 4 built-in cables (iPhone + Android), 15W wireless, waterproof, shockproof + bright LED torch with SOS. Keeps 7 devices alive for days. No more “nani ako na charger?” — you become the hero. The best solar power bank in Kenya right now. Stock LIMITED. Tap below & grab yours today. 👇 https://dailygear.co.ke/product/30000mah-wireless-solar-power-bank-lu-pbw200/	https://www.instagram.com/p/DRgHeDfCvPi/	https://scontent-iad3-2.cdninstagram.com/v/t39.30808-6/586884089_122157893654620364_8873179871560406366_n.jpg?stp=dst-jpg_e35_tt6&_nc_cat=111&ccb=7-5&_nc_sid=18de74&efg=eyJlZmdfdGFnIjoiRkVFRC5iZXN0X2ltYWdlX3VybGdlbi5DMyJ9&_nc_ohc=tEpygJKrRHQQ7kNvwERe7Bk&_nc_oc=AdpetVSh_nomisFB6-vozW-YIoGAm2GZ23v35cy4u9YcSBy_LK5xMw-Um2mOfTRNt70&_nc_zt=23&_nc_ht=scontent-iad3-2.cdninstagram.com&edm=ANo9K5cEAAAA&_nc_gid=b1hkRbRb3fDJyky43tiSEg&_nc_tpa=Q5bMBQL-En3bOCcyTcwhWVHvgUY9RtR3qT-5zHuP4bjgff3A4nwmJJRPV2A9aEIc863Uw_2_c8PUyXn55w&oh=00_AQH0RMcCGJ0Rlhg81BC0U-AjYhx7sgT4B1F3Xua9VG-OrQ&oe=6A8FBE4C
17930684298000236	2025-11-03T03:51:59+0000	1999	URGENT ALERT: Kickstart Your Healthy Mornings with This POWERHOUSE Blender – Before It's GONE! 🥏 | Tired of sluggish starts to your day? Dreaming of fresh, vibrant smoothies or that energizing morning juice to fuel your hustle? 😩 Say goodbye to bland breakfasts and hello to HEALTH on the go! Perfect timing for the holidays too – keep the kids buzzing with fun, fruity blends instead of junk food crashes! Who needs evening exhaustion when you can blend up goodness at dawn? 🌅🍓 | Introducing the 7000 Watts Silver Crest Commercial Blender – your kitchen game-changer!	https://www.instagram.com/p/DQlHN-7Drib/	https://scontent-iad6-1.cdninstagram.com/v/t39.30808-6/573526287_122155190084620364_8837007041151364120_n.jpg?stp=dst-jpg_e35_tt6&_nc_cat=102&ccb=7-5&_nc_sid=18de74&efg=eyJlZmdfdGFnIjoiRkVFRC5iZXN0X2ltYWdlX3VybGdlbi5DMyJ9&_nc_ohc=1kS3m4vcmjsQ7kNvwG9BbbK&_nc_oc=AdpsiIjtOapgqdy6fw4q4d7YEVhGmers07Xd0tkcvNXMGIlyX7Q-BJoNwanmwzJXKK0&_nc_zt=23&_nc_ht=scontent-iad6-1.cdninstagram.com&edm=ANo9K5cEAAAA&_nc_gid=b1hkRbRb3fDJyky43tiSEg&_nc_tpa=Q5bMBQJuw_ec7XLjGRCS3D_nlnUP_zF9cymtrow39uz39bo2ROvhzO-pj70BCtsCBSKE_qMfOdXlBBuJaA&oh=00_AQGzHE8cqbd9UZk9evE7kw1m2xJYjb-SNlOgz_IYfCthyA&oe=6A8FA083
18074038382180414	2025-10-25T15:27:48+0000	2950	Tired of shoes that quit on you mid-adventure? Grab the Dessert Sole now, the unbreakable companion that turns every step into a victory, and save big with our limited-time offer. How to crush long hikes without blisters or pain. Our shock-absorbing sole and breathable mesh deliver cloud-like comfort that keeps you going stronger, longer. | NUMBERS: 6 perfect sizes (39-44) and 2 must-have colors (Gray & Beige)—find your ideal match and dominate any terrain like a pro. Unlock elite traction with aggressive lug outsoles that grip sand, rocks, or pavement, prevent slips, boost confidence, and outlast cheap knockoffs by years. When scorching heat or sudden rain hits, our quick-dry ventilation wicks sweat away instantly, keeping you fresh, focused, and unstoppable. The brutal truth about flimsy sneakers causing injuries, and why thousands swear by Dessert Sole for pain-free, adventure-ready performance that transforms your outings. | *Flash Offer: Ksh 2,950 (Save 30% Today)*	https://www.instagram.com/p/DQPLsdRDf-F/	https://scontent-iad6-1.cdninstagram.com/v/t39.30808-6/572004341_122153991734620364_7143279034188902364_n.jpg?stp=dst-jpg_e35_tt6&_nc_cat=100&ccb=7-5&_nc_sid=18de74&efg=eyJlZmdfdGFnIjoiQ0FST1VTRUxfSVRFTS5iZXN0X2ltYWdlX3VybGdlbi5DMyJ9&_nc_ohc=YjqfKIQYAFcQ7kNvwE-lfa3&_nc_oc=AdpTNHfTbZ1PVdBJU46We4EP6i8r83Wl_bgMJP65gEHeBDegPiyPeDf3E9nQWe5MHE8&_nc_zt=23&_nc_ht=scontent-iad6-1.cdninstagram.com&edm=ANo9K5cEAAAA&_nc_gid=b1hkRbRb3fDJyky43tiSEg&_nc_tpa=Q5bMBQJHR5eNAbhuV2uvK4pYw69YevPZFlhSYsmTSFh2CclnZpPzogsWwht1ijbXMFuTe3EJWZiVOlLHCA&oh=00_AQH19uMKy0OOEnKCFgwbYWhDvkymaEGjo3gfouyhakM1ug&oe=6A8FBE0F
18063922423959131	2025-07-15T05:59:05+0000	2450	NEW ARRIVAL – MUST-HAVE TOTE BAGS! ✨ | Looking for the perfect everyday bag that’s cute, classy, and practical? | Our latest tote collection is here—and it's giving effortless style with a fun twist! 😍👜	https://www.instagram.com/p/DMHhh1rqT0w/	https://scontent-iad6-1.cdninstagram.com/v/t51.82787-15/521269408_17936436768050319_2530771381504884973_n.webp?stp=dst-jpg_e35_tt6&_nc_cat=109&ccb=7-5&_nc_sid=18de74&efg=eyJlZmdfdGFnIjoiQ0FST1VTRUxfSVRFTS5iZXN0X2ltYWdlX3VybGdlbi5DMyJ9&_nc_ohc=b8ycaD7e794Q7kNvwHnltGb&_nc_oc=AdpNIV9Oc02SMK6e9tAYoV6wdShgkK0i2o-Z6uoe5Fohex7M-_WgHLQmlJGAlHfhsfM&_nc_zt=23&_nc_ht=scontent-iad6-1.cdninstagram.com&edm=ANo9K5cEAAAA&_nc_gid=b1hkRbRb3fDJyky43tiSEg&_nc_tpa=Q5bMBQKnkTG8HVpUJnK_cwqKQO7T3WENJ5H4UiOWG00zxhrboVdgip1JhPzYk4HVGJ7m0WQyQh6RkqtSSQ&oh=00_AQHjmvZBVzP1j1X1vJHLTb3RD1BbGZMWayeqgc1rW6e0Sg&oe=6A8FC09C
18171884881341639	2025-07-15T05:50:26+0000	2450	NEW ARRIVAL – MUST-HAVE TOTE BAGS! ✨ | Looking for the perfect everyday bag that’s cute, classy, and practical? | Our latest tote collection is here—and it's giving effortless style with a fun twist! 😍👜	https://www.instagram.com/p/DMHgiZxqM2B/	https://scontent-iad3-1.cdninstagram.com/v/t51.82787-15/520418073_17936436378050319_5041757561208631348_n.webp?stp=dst-jpg_e35_tt6&_nc_cat=110&ccb=7-5&_nc_sid=18de74&efg=eyJlZmdfdGFnIjoiQ0FST1VTRUxfSVRFTS5iZXN0X2ltYWdlX3VybGdlbi5DMyJ9&_nc_ohc=4Tq4OSzFhDsQ7kNvwGJS4w1&_nc_oc=Adpf9DGIlK-oOB3F1Ft8Le8lIaSB4JXi0CPQrZxGNgRWLygItYEYApa55oamkRzloFg&_nc_zt=23&_nc_ht=scontent-iad3-1.cdninstagram.com&edm=ANo9K5cEAAAA&_nc_gid=b1hkRbRb3fDJyky43tiSEg&_nc_tpa=Q5bMBQKyt8BX3XeH8Nfdqe86Do3I-Dxs5edz-DrVNtiMRvZ1btFd2KfHY5RI70fSx2ctw-ZZDZQWLVKThQ&oh=00_AQGHFsaihOucCc11ZN1B23293WOong662yKOVel9WLpt-Q&oe=6A8FB040
18336404164164077	2025-07-09T14:06:47+0000		Modio m37 tablet | 12gb ram +512 gb rom | 10 inch screen size	https://www.instagram.com/p/DL48knqq7WG/	https://scontent-iad6-1.cdninstagram.com/v/t51.82787-15/516874686_17935791918050319_5754574195277240491_n.jpg?stp=dst-jpg_e35_tt6&_nc_cat=107&ccb=7-5&_nc_sid=18de74&efg=eyJlZmdfdGFnIjoiRkVFRC5iZXN0X2ltYWdlX3VybGdlbi5DMyJ9&_nc_ohc=hkAWrpQYmN4Q7kNvwE9M_Oj&_nc_oc=Ado4oUqouq18Bwi96npIIadI7YDV8yyNxfHXEg1OymOZ0DYQDzVAvxAWAB3cZ3Qmpj0&_nc_zt=23&_nc_ht=scontent-iad6-1.cdninstagram.com&edm=ANo9K5cEAAAA&_nc_gid=b1hkRbRb3fDJyky43tiSEg&_nc_tpa=Q5bMBQIwC73E-3Fxds9JFFTLIIvEuea5E5Sc-V7fZHUFaadoi2jUXh-3malrvJTzYmDVXvXJlgvktLZCJg&oh=00_AQFYB9tQ6sKo-kg57wl_OMe879XTY-4D2MUSSAiTSAL9MQ&oe=6A8FC97B
18075663961746737	2025-07-08T02:44:24+0000	1499/2799	*Big Size Foldable Laptop Breakfast Table Restocked at Ksh 1499/-* | Available in  | ❇️ Black 	https://www.instagram.com/reel/DL1JpWbo93g/	https://scontent-iad3-2.cdninstagram.com/o1/v/t2/f2/m86/AQMPlzHN3UuaAgue79eX0LFRDHHtXolaPbKiC8VNTozo6tEV-1Jk06o7FS6l8bg8Oyqlr4KzfpMO-9n_JjwoMTdcv2qGwIqk1dlRR48.mp4?_nc_cat=111&_nc_sid=5e9851&_nc_ht=scontent-iad3-2.cdninstagram.com&_nc_ohc=3tVsQG8RXBkQ7kNvwHWZsjQ&efg=eyJ2ZW5jb2RlX3RhZyI6Inhwdl9wcm9ncmVzc2l2ZS5JTlNUQUdSQU0uQ0xJUFMuQzMuMzYwLmRhc2hfYmFzZWxpbmVfM192MSIsInhwdl9hc3NldF9pZCI6MjA0NzI3MTAyOTAxNTkwOCwiYXNzZXRfYWdlX2RheXMiOjQxMCwidmlfdXNlY2FzZV9pZCI6MTAwOTksImR1cmF0aW9uX3MiOjEzLCJ1cmxnZW5fc291cmNlIjoid3d3In0%3D&ccb=17-1&vs=2ee5d9e2a677f817&_nc_vs=HBksFQIYUmlnX3hwdl9yZWVsc19wZXJtYW5lbnRfc3JfcHJvZC9DMjQxNkNCQzkyQzk4ODk3MUM3MkUzRjhBRDg1MzZBN192aWRlb19kYXNoaW5pdC5tcDQVAALIARIAFQIYRmlnX3hwdl9yZWVsc19wZXJtYW5lbnRfc3JfcHJvZC83NjQyODEwNTk1ODk4NTBfMjAyNTkyMjc2MDE5MjY1MjczNy5tcDQVAgLIARIAKAAYABsCiAd1c2Vfb2lsATEScHJvZ3Jlc3NpdmVfcmVjaXBlATEVAAAmyJWM5-3-ogcVAigCQzMsF0ArVP3ztkWiGBJkYXNoX2Jhc2VsaW5lXzNfdjERAHX-B2XmnQEA&_nc_gid=b1hkRbRb3fDJyky43tiSEg&edm=ANo9K5cEAAAA&_nc_zt=28&_nc_tpa=Q5bMBQKHmL2tYWDEUqfjFMmwXkeY0Xcg_TRQFWpWJ4YYEhCm3-dQd21B9P1e324ydu1Hfr5wymoi_jGF_w&oh=00_AQHfOZ2s7mnmA7x-97uSJKPvlQ3gsC5plU5B_5SEFXZbGw&oe=6A8BC26C
18049099166434184	2025-07-07T12:15:07+0000	4250	BERLUTI  | 40/41/42/43/44/45 |  Price: @4,250/-	https://www.instagram.com/p/DLzmNAaqboZ/	https://scontent-iad3-1.cdninstagram.com/v/t51.82787-15/515245383_17935566306050319_4077557292639319221_n.jpg?stp=dst-jpg_e35_tt6&_nc_cat=104&ccb=7-5&_nc_sid=18de74&efg=eyJlZmdfdGFnIjoiQ0FST1VTRUxfSVRFTS5iZXN0X2ltYWdlX3VybGdlbi5DMyJ9&_nc_ohc=wKeqUXDPiikQ7kNvwHzhPTl&_nc_oc=Adr7le6g5ArBeKFT4wbbMU0y3QVcsN7kICxc_7xwyjJV3MXtnughpUcHwIoqTrwxDuk&_nc_zt=23&_nc_ht=scontent-iad3-1.cdninstagram.com&edm=ANo9K5cEAAAA&_nc_gid=b1hkRbRb3fDJyky43tiSEg&_nc_tpa=Q5bMBQKcWb88cHaQS3QyRxH3rXqk93FDMdEajsY07wEXt5EHWzHiFS5yUfUXosue_JWMr1h8xpSfVEMPDA&oh=00_AQG-LPK0nDHSWXg0mRgw_RF9EfJHbsmxXalFw7BDhDFE1g&oe=6A8FBF0A
18104740000555299	2025-07-07T11:57:17+0000	8400	4 in 1 Luxurious unbreakable Suitcase | ▪️Zipper closure frame. | ▪️360 Easy-glide spinner wheels. 	https://www.instagram.com/p/DLzkKWZKdrp/	https://scontent-iad3-2.cdninstagram.com/v/t51.82787-15/516152232_17935565061050319_8700351718222936265_n.jpg?stp=dst-jpg_e35_tt6&_nc_cat=105&ccb=7-5&_nc_sid=18de74&efg=eyJlZmdfdGFnIjoiRkVFRC5iZXN0X2ltYWdlX3VybGdlbi5DMyJ9&_nc_ohc=-LPbDudhXdYQ7kNvwGsvgqH&_nc_oc=AdoJdaytmQ7LVrUYSEUM43zLC2zeZH7awrsakAstKnHxiGYCIzWWrmAXfyUR9fIxHlM&_nc_zt=23&_nc_ht=scontent-iad3-2.cdninstagram.com&edm=ANo9K5cEAAAA&_nc_gid=b1hkRbRb3fDJyky43tiSEg&_nc_tpa=Q5bMBQKoSJ-zkM1ZTpshf0wfhz8aE0wUJo4uumaOsKS9PtVkGR-cl3GDHP8qCCdI6ybTDs_i7pkM6lECIA&oh=00_AQGCMkcrHkZfNDFtkLGKGlVnOjE15CCL6uZnCZIrDKolVQ&oe=6A8FC944
18054415640598819	2025-07-07T09:17:11+0000	4289	3 Column Plastic Wardrobe  | 🫐 Offer price 🏄🏽‍♀️ |  Now selling @4,289/= 	https://www.instagram.com/p/DLzR1zuqroq/	https://scontent-iad3-1.cdninstagram.com/v/t51.82787-15/516534926_17935552143050319_7869098394882131245_n.jpg?stp=dst-jpg_e35_tt6&_nc_cat=104&ccb=7-5&_nc_sid=18de74&efg=eyJlZmdfdGFnIjoiRkVFRC5iZXN0X2ltYWdlX3VybGdlbi5DMyJ9&_nc_ohc=oyIZFpnj69wQ7kNvwF2ThT7&_nc_oc=Ado7kBtphApl24edn00y7R9DKsCBi7JI0kLMnASaC0U497sQEM1FAzs8r2n6PQrfCRA&_nc_zt=23&_nc_ht=scontent-iad3-1.cdninstagram.com&edm=ANo9K5cEAAAA&_nc_gid=b1hkRbRb3fDJyky43tiSEg&_nc_tpa=Q5bMBQKP7s0qnFNLZ3OVhr0eC2SakCuenAFKtr2t17KSUTBiTjCbuCKGAA1b4zmZxEVsECwH96lRmqnZKw&oh=00_AQFhT1Fu2NAsGkZL14EMTSx46byvvtfL9RHWvp3_S7vMUg&oe=6A8FC1D5
18148251286385589	2025-07-07T06:50:37+0000	3900	_Quality official Restocked_  | 🔷 _Size 39--------45_  | 🔷 _Price 3,900_	https://www.instagram.com/p/DLzBERrqxjm/	https://scontent-iad6-1.cdninstagram.com/v/t51.82787-15/517962313_17935542000050319_6498471733066516047_n.jpg?stp=dst-jpg_e35_tt6&_nc_cat=109&ccb=7-5&_nc_sid=18de74&efg=eyJlZmdfdGFnIjoiQ0FST1VTRUxfSVRFTS5iZXN0X2ltYWdlX3VybGdlbi5DMyJ9&_nc_ohc=oJW5e9NjnasQ7kNvwEIFUee&_nc_oc=Adrp0DKWlVgVHVXJwa18p8LrlFsAkHhdvcWz_myZtaPWUYmLqqYy5sokf7s-hnKtJzw&_nc_zt=23&_nc_ht=scontent-iad6-1.cdninstagram.com&edm=ANo9K5cEAAAA&_nc_gid=b1hkRbRb3fDJyky43tiSEg&_nc_tpa=Q5bMBQJBjZejgkb8s5r19-3g6GMC-dnQO64P639WNhUQgG3p-sWjHw6gRAK3lsVso8DjkZB6-8crV_YmUA&oh=00_AQFrUBdkNeEt0dl7Yt-OxUNhUf-RjmooSMfqIlVQXpwZpA&oe=6A8FC9A0
18110078479510085	2025-07-07T06:47:00+0000		Ladies Sandals | 37-43 | 🏷️2540/-	https://www.instagram.com/p/DLzApuVKBxe/	https://scontent-iad6-1.cdninstagram.com/v/t51.82787-15/516139073_17935541697050319_6417372643168958223_n.jpg?stp=dst-jpg_e35_tt6&_nc_cat=107&ccb=7-5&_nc_sid=18de74&efg=eyJlZmdfdGFnIjoiQ0FST1VTRUxfSVRFTS5iZXN0X2ltYWdlX3VybGdlbi5DMyJ9&_nc_ohc=F0jvNTliVxQQ7kNvwHeiCiq&_nc_oc=AdrC9ZvrEEU4slS8xNVyhjs4a6FI56OLNKYoEKpjGih1-5BD02XJxsLGb3MB9TSe958&_nc_zt=23&_nc_ht=scontent-iad6-1.cdninstagram.com&edm=ANo9K5cEAAAA&_nc_gid=b1hkRbRb3fDJyky43tiSEg&_nc_tpa=Q5bMBQI2i40Ns5kD58gdWRRbCQLYCsd0ua3jMpsEdXeaOBo2lDSsk_92ZAtqXqCzk4H6wWX9bAxYqExh_w&oh=00_AQEAwzmPGbEigIetfTCTLGx7x5eUegxXaG_i3-_83Mk3wQ&oe=6A8FA34C
18127338937452121	2025-07-05T06:09:30+0000	3999	Feel the thrill of every second. This Naviforce watch isn’t just a timekeeper—it’s your bold statement. With its rugged design and precise digital display, it’s built for the man who dares to stand out. Grab yours now and own the moment. | ksh 3,999/-	https://www.instagram.com/reel/DLtyvBkoxMc/	https://scontent-iad6-1.cdninstagram.com/o1/v/t2/f2/m86/AQNuxxVl3UwtN1Fyk9EKqBeDfilSLt6y9IuKAI4DHqVs7KSISrRXWp4oer4MFwDyC7_mwJRA9tyPvGAzKTcIPvnv6J9FKaopZnwtAwY.mp4?_nc_cat=106&_nc_sid=5e9851&_nc_ht=scontent-iad6-1.cdninstagram.com&_nc_ohc=M7N_xFu94M4Q7kNvwHFSHzL&efg=eyJ2ZW5jb2RlX3RhZyI6Inhwdl9wcm9ncmVzc2l2ZS5JTlNUQUdSQU0uQ0xJUFMuQzMuMzYwLmRhc2hfYmFzZWxpbmVfM192MSIsInhwdl9hc3NldF9pZCI6MTQxNzI0NTQzNjA2NTY0MSwiYXNzZXRfYWdlX2RheXMiOjQxMywidmlfdXNlY2FzZV9pZCI6MTAwOTksImR1cmF0aW9uX3MiOjMwLCJ1cmxnZW5fc291cmNlIjoid3d3In0%3D&ccb=17-1&vs=2a9e8bdf6526fbe4&_nc_vs=HBksFQIYUmlnX3hwdl9yZWVsc19wZXJtYW5lbnRfc3JfcHJvZC82MDRFMzFGQUI2MkY0M0FEMEIxRkE5NUI5NTlENzhBM192aWRlb19kYXNoaW5pdC5tcDQVAALIARIAFQIYRWlnX3hwdl9yZWVsc19wZXJtYW5lbnRfc3JfcHJvZC82MjMzODU2Mjc0NTM2NTVfODc4Mjc0ODIxNTc4MTk3NzQ1Lm1wNBUCAsgBEgAoABgAGwKIB3VzZV9vaWwBMRJwcm9ncmVzc2l2ZV9yZWNpcGUBMRUAACbS3bWsxb6EBRUCKAJDMywXQD4AAAAAAAAYEmRhc2hfYmFzZWxpbmVfM192MREAdf4HZeadAQA&_nc_gid=AcJ75bj2Zk_ASH0t9fm2uQ&edm=ANo9K5cEAAAA&_nc_zt=28&_nc_tpa=Q5bMBQJBU5cOGyPvFf6YctDdScc2ea0qdpRP-W9uXGRMfZlKboTOKWPDRAn4RQIonpoKyTpQZWJbcJjelA&oh=00_AQHkpBNS_ZjHdCEyV_-KqEbQwAYqaotFMypKEtnBY9QGVg&oe=6A8BB83F
18065978270322854	2025-07-03T08:31:44+0000	2650	Green Balcony Privacy fence | 💲 Price 2650ksh | ⚕️- Each roll measures 3 meters in length and 1 meter in height	https://www.instagram.com/p/DLo5dUsKHwB/	https://scontent-iad3-1.cdninstagram.com/v/t51.82787-15/515520366_17935096617050319_6396202504552125538_n.jpg?stp=dst-jpg_e35_tt6&_nc_cat=110&ccb=7-5&_nc_sid=18de74&efg=eyJlZmdfdGFnIjoiQ0FST1VTRUxfSVRFTS5iZXN0X2ltYWdlX3VybGdlbi5DMyJ9&_nc_ohc=7HBdLAud3d8Q7kNvwGh_7nA&_nc_oc=AdqB5pobpUmwX5ve1MTJ-BlFf6LKvKUcV7AxfUb_Z-IRNzNo6jgxzpB9N5Hb38wthKI&_nc_zt=23&_nc_ht=scontent-iad3-1.cdninstagram.com&edm=ANo9K5cEAAAA&_nc_gid=AcJ75bj2Zk_ASH0t9fm2uQ&_nc_tpa=Q5bMBQKpRC7FCWybKuTzsxy1cYLBKlUl0FavmUColJRiVwLL3Yk6cR2dxmEi3_mAkPl-dr12r5-EmZLo5Q&oh=00_AQFVJzsw1ZwcmN1cIfJnikcas_PKtaibF6gONNZzQpZ7pg&oe=6A8FA741
18152339125344298	2025-07-03T08:06:00+0000		Modern Wall-Mounted Bathroom Organizer – Dual-Tier Storage Rack | ✔️ Organizer. Designed with clean lines and durable metal construction, | ✔️ This dual-tier storage rack offers a stylish solution to clutter. The set is in white	https://www.instagram.com/p/DLo2g36qm4_/	https://scontent-iad3-1.cdninstagram.com/v/t51.82787-15/515328316_17935094772050319_6645118002338742354_n.jpg?stp=dst-jpg_e35_tt6&_nc_cat=101&ccb=7-5&_nc_sid=18de74&efg=eyJlZmdfdGFnIjoiRkVFRC5iZXN0X2ltYWdlX3VybGdlbi5DMyJ9&_nc_ohc=T9bxwVUjZs0Q7kNvwE1G4QK&_nc_oc=Adr6VohP5jRjjWZOtL8XGJg6XfVeQoNAgJPQeeBlrYWBHJHOrikBftQEYg6wgPTI4Iw&_nc_zt=23&_nc_ht=scontent-iad3-1.cdninstagram.com&edm=ANo9K5cEAAAA&_nc_gid=AcJ75bj2Zk_ASH0t9fm2uQ&_nc_tpa=Q5bMBQJpDLM9_RVXGcpru7qW4eSMORXubmlQDPGpxc-tPWzHNA0wN20hTUhOOifwoKVmzROiZvVFRa_nHA&oh=00_AQF8gPC-F6kUEdhZl1pseCCWtlRHV1t2qlaaLpflHe4i3g&oe=6A8FB9A0
18106644037470379	2025-07-03T06:11:20+0000	1950	Elevate your everyday style with this sleek Ladies' Long Wallet! 💼✨ Crafted with premium leather in chic green, gray, black, brown, and pink shades, it offers ample space and sophistication. Perfect for the modern woman on the go! 💕 |  ksh 1950/- call 0722658824 |  #LadiesWallet #LeatherWallet #WomensFashion #WalletStyle #FashionAccessories #LuxuryWallet #HandbagLovers #StyleInspo #Fashionista #LeatherGoods #ChicStyle #WalletDesign #WomensAccessories #TrendyFashion #ElegantStyle #FashionEssentials #WalletCollection #LuxuryLiving #Instafashion #ShopStyle	https://www.instagram.com/p/DLopZAAqSZA/	https://scontent-iad6-1.cdninstagram.com/v/t51.82787-15/513926425_17935087749050319_6966587424113809097_n.jpg?stp=dst-jpg_e35_tt6&_nc_cat=106&ccb=7-5&_nc_sid=18de74&efg=eyJlZmdfdGFnIjoiQ0FST1VTRUxfSVRFTS5iZXN0X2ltYWdlX3VybGdlbi5DMyJ9&_nc_ohc=_Q8MwKzroq4Q7kNvwEKh-GW&_nc_oc=AdqFEcnphEqUXhieKNq-PfBQPHDou211PzR0-KiAl6yJu-CBXyRMbUYJR4ilUhxl-D4&_nc_zt=23&_nc_ht=scontent-iad6-1.cdninstagram.com&edm=ANo9K5cEAAAA&_nc_gid=AcJ75bj2Zk_ASH0t9fm2uQ&_nc_tpa=Q5bMBQJqm8VJku-ULlkpJAJx-MaD_yroTw-u14NOhiktuwXCd2To3S22-n76YiyQ8XIgCUvEX1JC5IsUPA&oh=00_AQGMm4zdCeFaWqxEt152WU_QTOadqPCpfLQzK5iGAZ9pPQ&oe=6A8FB098
18061551191241820	2025-07-01T15:35:42+0000		Step into style with our elegant Ladies' Leather Loafers! 👞✨ Crafted with premium leather for timeless comfort and sophistication. Available in sizes 37, 38, 39, 40, 42, and 43 – perfect for every chic wardrobe. Elevate your look today. 💃 | 0722658824 |  #LeatherLoafers #WomensFashion #Loafers #LeatherShoes #Fashion #Style #WomensShoes #OOTD #Fashionista #Handmade #LeatherCraft #ShoesAddict #LuxuryShoes #Footwear #Instafashion #ShoesLover #LoaferStyle #ChicStyle #FashionShoes #WomenStyle #ShoeObsession #LeatherGoods #TrendyShoes #ClassicStyle #ShoesOfTheDay	https://www.instagram.com/p/DLkgY3QSfyT/	https://scontent-iad6-1.cdninstagram.com/v/t39.30808-6/514320661_122142119726620364_1847837062347346011_n.jpg?stp=dst-jpg_e35_tt6&_nc_cat=100&ccb=7-5&_nc_sid=18de74&efg=eyJlZmdfdGFnIjoiQ0FST1VTRUxfSVRFTS5iZXN0X2ltYWdlX3VybGdlbi5DMyJ9&_nc_ohc=IeE-TC-_jCEQ7kNvwFsMrik&_nc_oc=AdoP9YcRd6gzzQdoXe895nzAMXa2HHnJVeAPoNh4njfwqLM51QrOzthHdeMeM5dxciA&_nc_zt=23&_nc_ht=scontent-iad6-1.cdninstagram.com&edm=ANo9K5cEAAAA&_nc_gid=AcJ75bj2Zk_ASH0t9fm2uQ&_nc_tpa=Q5bMBQKGMYjjtC-iDyX4QemtaaOXJA5cnrQGFI4Q_GIQyKfEUHMgebvrlLBMPznIrEIwv1dWMRpHVkUzlA&oh=00_AQFOVs2PPagPUbpjku2MtRELjK8QxuYU3EQxmt3C41p07A&oe=6A8FB459
17926143198059814	2025-04-22T07:00:13+0000	2574	BOYS HIGH QUALITY LEATHER SCHOOL SHOES | 💳  Price: ksh 2,574/- ‼‼ | ▫ Size:25,26, 27, 29 30 31 32 33 34 35 36 37 38 39 	https://www.instagram.com/p/DIvVwF7hMkx/	https://scontent-iad3-2.cdninstagram.com/v/t39.30808-6/491948981_122131900166620364_8530481256884966934_n.jpg?stp=dst-jpg_e35_tt6&_nc_cat=105&ccb=7-5&_nc_sid=18de74&efg=eyJlZmdfdGFnIjoiRkVFRC5iZXN0X2ltYWdlX3VybGdlbi5DMyJ9&_nc_ohc=Wf0wxi0yoOYQ7kNvwF-X_3J&_nc_oc=AdqVGVsONUpkfj84kIAyse39ICc5ZsHFUwjwu-b088LFqpMVX9Ms7aODXGg9vdCJ9JI&_nc_zt=23&_nc_ht=scontent-iad3-2.cdninstagram.com&edm=ANo9K5cEAAAA&_nc_gid=AcJ75bj2Zk_ASH0t9fm2uQ&_nc_tpa=Q5bMBQJ54a1w14lLtv6PVlUtsmZfofbSgAbaKWepIy3-IHe4th5tgCJ057PgFzy7KsGNoAAL393Cr79uoA&oh=00_AQHut5CPzSEWT72fHPWX37e0hBw19ZU0oFB3O1E0QBLGvg&oe=6A8FBE23
18061781116874671	2025-04-21T09:02:31+0000	2750	WATERPROOF  QUALITY CHILDREN SCHOOL BAG | ▫Material: oxford waterproof | ▫School backpacks for kids	https://www.instagram.com/p/DIs-85WvW-P/	https://scontent-iad6-1.cdninstagram.com/v/t39.30808-6/491940857_122131901270620364_5613837732234297489_n.jpg?stp=dst-jpg_e35_tt6&_nc_cat=106&ccb=7-5&_nc_sid=18de74&efg=eyJlZmdfdGFnIjoiQ0FST1VTRUxfSVRFTS5iZXN0X2ltYWdlX3VybGdlbi5DMyJ9&_nc_ohc=w3MmG2l_ensQ7kNvwET7kvI&_nc_oc=AdrDwF02y3UGQIgBy1EZx_1jhveb8WTiqplclZ-JKfa-cln0oweey1sfjpgc5wedYqQ&_nc_zt=23&_nc_ht=scontent-iad6-1.cdninstagram.com&edm=ANo9K5cEAAAA&_nc_gid=AcJ75bj2Zk_ASH0t9fm2uQ&_nc_tpa=Q5bMBQJsZ9UcHjrlrFxYYyXHHrfV_UsGAa06V2QGQ696Xispz5Q7G6uK0jSTQ4Jp7mXFh_dPEhQXwgLasQ&oh=00_AQFf96OZVAjuMVQ7E_buowPYBuPR32q7dfRlHnppqOxFtg&oe=6A8FABC1
18269076433278877	2025-04-21T09:01:33+0000	2650	WATERPROOF  QUALITY CHILDREN SCHOOL BACKPACK | ▫Material: oxford waterproof | ▫School backpacks for kids	https://www.instagram.com/p/DIs-14cBkiC/	https://scontent-iad3-2.cdninstagram.com/v/t39.30808-6/492589300_122131900898620364_8723727464200455155_n.jpg?stp=dst-jpg_e35_tt6&_nc_cat=111&ccb=7-5&_nc_sid=18de74&efg=eyJlZmdfdGFnIjoiQ0FST1VTRUxfSVRFTS5iZXN0X2ltYWdlX3VybGdlbi5DMyJ9&_nc_ohc=wrqLtldtMDsQ7kNvwFsMWlf&_nc_oc=Adrt4HkPUZhJWV0_NdZfClRxA51e-ex2DarmHgGLJ7JGRsfoWHc1k5lAmoOaCsFDBS4&_nc_zt=23&_nc_ht=scontent-iad3-2.cdninstagram.com&edm=ANo9K5cEAAAA&_nc_gid=AcJ75bj2Zk_ASH0t9fm2uQ&_nc_tpa=Q5bMBQJ7gXBgwIdITgaHa83lLVhO2VjLMKWLlZcgd9VbZFA11rq_QctU2j1yltfS73gyoSkI--K3oZVwpQ&oh=00_AQFbopeRc77K3dKQeUQgGvNUCIHPkUjrzfty40OAjyn50A&oe=6A8FCA18
17914879140095209	2025-04-21T08:59:55+0000	1599	WOMEN VULCANIZED SHOES | 💳 Price: ksh 1599 | ▫Casual sports shoes	https://www.instagram.com/p/DIs-p5XvDFw/	https://scontent-iad3-2.cdninstagram.com/v/t39.30808-6/491970329_122131900532620364_5542877893081172257_n.jpg?stp=dst-jpg_e35_tt6&_nc_cat=111&ccb=7-5&_nc_sid=18de74&efg=eyJlZmdfdGFnIjoiRkVFRC5iZXN0X2ltYWdlX3VybGdlbi5DMyJ9&_nc_ohc=BKCOY05-i5EQ7kNvwHCRmeF&_nc_oc=Adp8P-n3qymER0H2Ehneq5YarUc9oxKmdk_d-RXVNkXDzl0daif_hy7lCXp6XvHCo9k&_nc_zt=23&_nc_ht=scontent-iad3-2.cdninstagram.com&edm=ANo9K5cEAAAA&_nc_gid=AcJ75bj2Zk_ASH0t9fm2uQ&_nc_tpa=Q5bMBQKZ3j4BH7Pz2LQXTsbaX_XMAm4ZnhCHdHVBwd4MdmMhJsg_t5ICHJgiWvGE6l57bnwp2ctVoMCYKQ&oh=00_AQGX4_WmrA9TWmZtYZPAupLtgd5jAFlfdflFOoI966MKEQ&oe=6A8FBDC2
18005594222746519	2025-04-21T08:59:08+0000	1599	LADIES SNEAKERS VULCANIZED SHOES ‼‼ | ▫Casual sneakers | ➖Red:40,41,42	https://www.instagram.com/p/DIs-kFSPHFs/	https://scontent-iad3-1.cdninstagram.com/v/t39.30808-6/491951693_122131900334620364_9189496206909088046_n.jpg?stp=dst-jpg_e35_tt6&_nc_cat=108&ccb=7-5&_nc_sid=18de74&efg=eyJlZmdfdGFnIjoiRkVFRC5iZXN0X2ltYWdlX3VybGdlbi5DMyJ9&_nc_ohc=bGDAhFXkznIQ7kNvwFjeFuE&_nc_oc=AdqA0KCqZ6chBYT-o-qipRyWY62bHGjUzoZy_QQCLHySjQcMyNv4j7qHHFltEioIz8Q&_nc_zt=23&_nc_ht=scontent-iad3-1.cdninstagram.com&edm=ANo9K5cEAAAA&_nc_gid=AcJ75bj2Zk_ASH0t9fm2uQ&_nc_tpa=Q5bMBQKZY7dz_cYkqxJwP0RMMZkyUuGKrJ93W2nDCibV2MLr_jNehHWU9IZylUsfHlox9quy-JGNiOk41w&oh=00_AQEroR50imFwo0y4JtRGSo5ESG4rvmymRN_yIqZt3KmuYA&oe=6A8FBE56
17860604493393391	2025-04-21T08:57:43+0000	2574	GIRLS HIGH QUALITY LEATHER SCHOOL SHOES | 💳  Price: ksh 2,574/ | ▫ Size:25,26,27, 29 30 31 32 33 34 35 36 37 38 39 	https://www.instagram.com/p/DIs-ZtZMxaB/	https://scontent-iad6-1.cdninstagram.com/v/t39.30808-6/492334288_122131899944620364_5792064870603909349_n.jpg?stp=dst-jpg_e35_tt6&_nc_cat=107&ccb=7-5&_nc_sid=18de74&efg=eyJlZmdfdGFnIjoiRkVFRC5iZXN0X2ltYWdlX3VybGdlbi5DMyJ9&_nc_ohc=-XONkMhoazYQ7kNvwFa4ulq&_nc_oc=Adrte3plTemoIW8_lh99Q38_j7o-CmQwtgIc4Zq2U5EnD01Bxl2EflRvPz53RrJQ5bU&_nc_zt=23&_nc_ht=scontent-iad6-1.cdninstagram.com&edm=ANo9K5cEAAAA&_nc_gid=AcJ75bj2Zk_ASH0t9fm2uQ&_nc_tpa=Q5bMBQK5BmoXlOlOUSruLByHOowcP5CI_fhOggbBcJjqn344UIW9GgKHjpN8KOZes-B0_RDib1r6mEg3XQ&oh=00_AQHTV-Wwg-_yxO-5MbOAdQIQwz9Ole-G3zQdU65ndm0Dyg&oe=6A8FD2EB
18394375297104497	2025-04-03T04:38:35+0000		Enjoy your runs and workouts with these lightweight & comfortable earphones🎧  | CALL 0701940228 FREE DELIVERY CONTRYWIDE	https://www.instagram.com/reel/DH-KawBC9Vf/	
17894324610089056	2025-03-31T04:24:26+0000	3676	Forget about those ordinary ladies watches that don't last; these premium watches are the perfect options a lady can't miss  | . shop now at a discounted price of ksh 3676./-	https://www.instagram.com/p/DH2abyAIXwE/	https://scontent-iad3-2.cdninstagram.com/v/t39.30808-6/488240143_122128542464620364_4930839258007526133_n.jpg?stp=dst-jpg_e35_tt6&_nc_cat=111&ccb=7-5&_nc_sid=18de74&efg=eyJlZmdfdGFnIjoiQ0FST1VTRUxfSVRFTS5iZXN0X2ltYWdlX3VybGdlbi5DMyJ9&_nc_ohc=drupTyXc-jkQ7kNvwEQCN71&_nc_oc=Adq9LqVOlhMC8J4nCXU8xnRf5ibFQlkbFbx02lhmLEmdatNNuRf1shJN4XT4eSKDSik&_nc_zt=23&_nc_ht=scontent-iad3-2.cdninstagram.com&edm=ANo9K5cEAAAA&_nc_gid=mFAv4qPVJ5O3sE5aCR3leg&_nc_tpa=Q5bMBQL47IUqnM4IgqxKuGAI5VYpzIo7-mE2kIWap_h0cnkUWWysp9bxxsng2dPYhhZqUMlZ5sYWmOjzSw&oh=00_AQEhaQTlMfSV4g7oBf_RFQvsJpRa-E9AqvF3-m6AFOBZ0w&oe=6A8FB4F8
18263933155286545	2025-03-25T17:18:19+0000		new arrival high quality bags | offer 1750/-	https://www.instagram.com/reel/DHoWMY2p1au/	https://scontent-iad6-1.cdninstagram.com/o1/v/t2/f2/m86/AQNfPV3WMWdpDhO9JL-9NBp0VUnzAvX20OdEcZVpJGhoJRGkPK11o-NoB14RYLgd8W9t7OYJRd-Y5x9aM5YLYn0eADf0xGhX61I6sSU.mp4?_nc_cat=109&_nc_sid=5e9851&_nc_ht=scontent-iad6-1.cdninstagram.com&_nc_ohc=SxiLnIuF_pUQ7kNvwH-aVVe&efg=eyJ2ZW5jb2RlX3RhZyI6Inhwdl9wcm9ncmVzc2l2ZS5JTlNUQUdSQU0uQ0xJUFMuQzMuMzYwLmRhc2hfYmFzZWxpbmVfM192MSIsInhwdl9hc3NldF9pZCI6MTIwMTA3ODIwNDg4NTQwMiwiYXNzZXRfYWdlX2RheXMiOjUxNSwidmlfdXNlY2FzZV9pZCI6MTAwOTksImR1cmF0aW9uX3MiOjIxLCJ1cmxnZW5fc291cmNlIjoid3d3In0%3D&ccb=17-1&vs=f2ae7e9260aa04b1&_nc_vs=HBksFQIYUmlnX3hwdl9yZWVsc19wZXJtYW5lbnRfc3JfcHJvZC8xODQ2RTA2ODA3MEUzRjE3MkI5Q0Y4QjFENDdCRDI4Ml92aWRlb19kYXNoaW5pdC5tcDQVAALIARIAFQIYRmlnX3hwdl9yZWVsc19wZXJtYW5lbnRfc3JfcHJvZC85Mzc0MDY1NzE2MDgxOThfODQyNDE5NzA5NjAzMTg4NjkyNC5tcDQVAgLIARIAKAAYABsCiAd1c2Vfb2lsATEScHJvZ3Jlc3NpdmVfcmVjaXBlATEVAAAmtKb_-_mXogQVAigCQzMsF0A1wo9cKPXDGBJkYXNoX2Jhc2VsaW5lXzNfdjERAHX-B2XmnQEA&_nc_gid=mFAv4qPVJ5O3sE5aCR3leg&edm=ANo9K5cEAAAA&_nc_zt=28&_nc_tpa=Q5bMBQKiDIEFcWkDVHjSzZCAJ_HiPQE6E5nsE2Yc1uvflPq4WN8QECvCHnVWwYAoRvlOsjwLAdCKEkOR-g&oh=00_AQGRbuRaU5kIVbYXQYnMAKxkr-JeZ4YdYi7rGYRYw5ChEg&oe=6A8BE416
17959629425914056	2025-03-25T17:17:55+0000	2499	Tired of wasting money on "affordable" bags that fall apart?  | Limited time offer: | ksh 2,499/-	https://www.instagram.com/p/DHoWLqMvpwA/	https://scontent-iad6-1.cdninstagram.com/v/t39.30808-6/486255249_122127736970620364_5104589838341579669_n.jpg?stp=dst-jpg_e35_tt6&_nc_cat=100&ccb=7-5&_nc_sid=18de74&efg=eyJlZmdfdGFnIjoiRkVFRC5iZXN0X2ltYWdlX3VybGdlbi5DMyJ9&_nc_ohc=vMAxlmexFQgQ7kNvwET9H-T&_nc_oc=Adp6ENpZiAC4uCogzvH_-PurVL3BIk19cBiNFyhakIqwzu56RWiyvzhIhR5xS_z_3dc&_nc_zt=23&_nc_ht=scontent-iad6-1.cdninstagram.com&edm=ANo9K5cEAAAA&_nc_gid=mFAv4qPVJ5O3sE5aCR3leg&_nc_tpa=Q5bMBQLfc7DBtX-rFQ7N7FaRWOvWEfRBpRExCKj-b2R0n3D7NFFn7gKTCJJVJGQ2QqKM-lelpPFnv1TsXw&oh=00_AQHzXcc3bF4DrnAFLiHZYC6cnvzWGoAq6oyIIrjSlpYXvw&oe=6A8FA9F9
18035876393270207	2025-03-25T17:17:54+0000		A must have handbag for ladies.	https://www.instagram.com/reel/DHoWIsCivKr/	https://scontent-iad3-2.cdninstagram.com/o1/v/t2/f2/m86/AQNQzOGwTRj3a_Sh_1cM6DG79gtMtuKUs4ZhzkciXMnRQSnSKvCEkWg9IuSHvsz6V--F7v-0lfEHoK-X5CKitUSpUFZQ0YWYNBXFV4Y.mp4?_nc_cat=111&_nc_sid=5e9851&_nc_ht=scontent-iad3-2.cdninstagram.com&_nc_ohc=5QejrnZETI8Q7kNvwGpZKJ1&efg=eyJ2ZW5jb2RlX3RhZyI6Inhwdl9wcm9ncmVzc2l2ZS5JTlNUQUdSQU0uQ0xJUFMuQzMuMzYwLmRhc2hfYmFzZWxpbmVfM192MSIsInhwdl9hc3NldF9pZCI6Njg2MDg2NjkzOTQ1MzE4LCJhc3NldF9hZ2VfZGF5cyI6NTE1LCJ2aV91c2VjYXNlX2lkIjoxMDA5OSwiZHVyYXRpb25fcyI6MzcsInVybGdlbl9zb3VyY2UiOiJ3d3cifQ%3D%3D&ccb=17-1&vs=3c45695126ce3d21&_nc_vs=HBksFQIYUmlnX3hwdl9yZWVsc19wZXJtYW5lbnRfc3JfcHJvZC9CRTQyODEzNEVGQzBGODhBRURCNjA3NjNGNEMxRERCQl92aWRlb19kYXNoaW5pdC5tcDQVAALIARIAFQIYRmlnX3hwdl9yZWVsc19wZXJtYW5lbnRfc3JfcHJvZC81MjQ0Mjg1NDcwNTMxMzRfNzA4MTM1MDkwOTk1NjMxMzgxMy5tcDQVAgLIARIAKAAYABsCiAd1c2Vfb2lsATEScHJvZ3Jlc3NpdmVfcmVjaXBlATEVAAAmzP_rmsD_twIVAigCQzMsF0BCqPXCj1wpGBJkYXNoX2Jhc2VsaW5lXzNfdjERAHX-B2XmnQEA&_nc_gid=mFAv4qPVJ5O3sE5aCR3leg&edm=ANo9K5cEAAAA&_nc_zt=28&_nc_tpa=Q5bMBQKo5a7N5Ofl1mnHZxGqB4z5QETmsnpcFnyxUFvmrtMEWcnYVaxSpSi9lURnHqei0MW97lJi-FEQYg&oh=00_AQEpF7XwQfcPTpZZRuF-buPupkWZeMSqPbLyZkcGTjQHvg&oe=6A8BB9D8
18074642755785036	2025-03-17T05:13:39+0000		Ladies leather shoes size 36-41,big fitting can fit size 42...each at 1750/-	https://www.instagram.com/p/DHSc8EWNrpl/	https://scontent-iad3-1.cdninstagram.com/v/t39.30808-6/484308785_122126418800620364_6942429822394550717_n.jpg?stp=dst-jpg_e35_tt6&_nc_cat=110&ccb=7-5&_nc_sid=18de74&efg=eyJlZmdfdGFnIjoiQ0FST1VTRUxfSVRFTS5iZXN0X2ltYWdlX3VybGdlbi5DMyJ9&_nc_ohc=V8-AadWC7YkQ7kNvwGZsVSP&_nc_oc=AdqNA_FuXyLftWLkj3nxFgMaGQLImFy1KQ5S6rTPUXaF1GSOWfGzgcpqiAFcmLq-at4&_nc_zt=23&_nc_ht=scontent-iad3-1.cdninstagram.com&edm=ANo9K5cEAAAA&_nc_gid=mFAv4qPVJ5O3sE5aCR3leg&_nc_tpa=Q5bMBQIBHwHcbAIAwaC9mekEJSnQuZ4ezNrplc5kqnuG_7dHUaitmILunwNETQw5TBWA-fGIPVq4JRlvkQ&oh=00_AQG7V8xvQAzEMi6IZ8Qo4vq5CyojbnMzZMSkcaxw1KXMbQ&oe=6A8FB7DE
18321913573160267	2025-03-17T05:06:44+0000	3950	MEN OFFICIAL LEATHER SHOES | Size 39-45 | price 3950/-	https://www.instagram.com/p/DHScJa1MTUR/	https://scontent-iad3-2.cdninstagram.com/v/t39.30808-6/484400512_122126417780620364_7325281565874397471_n.jpg?stp=dst-jpg_e35_tt6&_nc_cat=105&ccb=7-5&_nc_sid=18de74&efg=eyJlZmdfdGFnIjoiQ0FST1VTRUxfSVRFTS5iZXN0X2ltYWdlX3VybGdlbi5DMyJ9&_nc_ohc=9iFgFyPt0Y4Q7kNvwEapkse&_nc_oc=Adqu-Uw7UDd2iiZZ02kX9-3oFeBuR6N1WUKCTJXrvV1BeL_2sG-M0EewOO_r_zh6-Qw&_nc_zt=23&_nc_ht=scontent-iad3-2.cdninstagram.com&edm=ANo9K5cEAAAA&_nc_gid=mFAv4qPVJ5O3sE5aCR3leg&_nc_tpa=Q5bMBQKwn53T4q02qVA5DRi4ufEK66W4OvwgoZDXEmBwj4c2WVSYw2wz7D2RrxKsKqSiJKxfIW46xeU6oQ&oh=00_AQE1mIwSHbCjk72RWZGpnIVnehE6eDDQg2CL99vShs1r9w&oe=6A8FC710
18066010627876505	2025-02-13T08:00:12+0000		6 in 1 -Hot Fashion Jesou Men's Gift Set Exquisite Packaged | ♦️ Contains | Watch 	https://www.instagram.com/p/DGAWj8rsKqQ/	https://scontent-iad6-1.cdninstagram.com/v/t39.30808-6/477032603_122121064892620364_375944841448072587_n.jpg?stp=dst-jpg_e35_tt6&_nc_cat=100&ccb=7-5&_nc_sid=18de74&efg=eyJlZmdfdGFnIjoiQ0FST1VTRUxfSVRFTS5iZXN0X2ltYWdlX3VybGdlbi5DMyJ9&_nc_ohc=TyKd062g2E4Q7kNvwGf23jL&_nc_oc=AdqWLcUOoxMPulB7ID1B4GsmLwyvH8ny0f4SNxFDbzbiNy21ezdxsUAptEuEAfZkOCM&_nc_zt=23&_nc_ht=scontent-iad6-1.cdninstagram.com&edm=ANo9K5cEAAAA&_nc_gid=mFAv4qPVJ5O3sE5aCR3leg&_nc_tpa=Q5bMBQJd3nc0Spse-2U1e5w94qIivIxI87-ahKAaqJYXLkAls9PVr7mA4e1s17w_vDZ-UdnA9hGB7xrLAQ&oh=00_AQHYJus-S1bw5GIHDCrxzMhLr_1QjV1TCbq6lJU47JzdpA&oe=6A8FBC7E
18081946117536871	2025-02-11T03:55:25+0000	1699	Classy Ladies watch+ Bracelet set | Consists of | ♦️Watch 	https://www.instagram.com/p/DF6w9Vlhe5c/	https://scontent-iad6-1.cdninstagram.com/v/t39.30808-6/477341511_122121062330620364_3819343169601367180_n.jpg?stp=dst-jpg_e35_tt6&_nc_cat=106&ccb=7-5&_nc_sid=18de74&efg=eyJlZmdfdGFnIjoiQ0FST1VTRUxfSVRFTS5iZXN0X2ltYWdlX3VybGdlbi5DMyJ9&_nc_ohc=KvxrOQV-EjkQ7kNvwEleBcl&_nc_oc=Ado4L3B-jPYyl0JxjwZAukETrP9t-zdF14PKFieB__iX4B-hIZrFn09oW3vEtvHmiCk&_nc_zt=23&_nc_ht=scontent-iad6-1.cdninstagram.com&edm=ANo9K5cEAAAA&_nc_gid=mFAv4qPVJ5O3sE5aCR3leg&_nc_tpa=Q5bMBQItOIp7QNy6gOkbIsAkcJWLAEFppeMtVnUhEp5MM9Us0_Xp6a4Uu2m0agvM3P8gLMS78VtOcwhnXg&oh=00_AQGKsjo4Wm6PtqVYlfoy_xXVqjOfRNvAzG4MWqaGgdj7RQ&oe=6A8FB4E4
18003473144528143	2025-01-11T20:54:00+0000	1872	JBL Wireless Bluetooth Earphones | ⚡Sweat proof | ⚡Sound pure bass performance	https://www.instagram.com/p/DEsw4ZfIKaB/	https://scontent-iad3-2.cdninstagram.com/v/t39.30808-6/473100929_122116600076620364_1364530540671698269_n.jpg?stp=dst-jpg_e35_tt6&_nc_cat=105&ccb=7-5&_nc_sid=18de74&efg=eyJlZmdfdGFnIjoiRkVFRC5iZXN0X2ltYWdlX3VybGdlbi5DMyJ9&_nc_ohc=6wAWs06VDoYQ7kNvwHz7ZZX&_nc_oc=AdpF9feHrh5Z8Y9wvD8lykkv-AZZu1OzXBpz0MEJLQSxV70znP_SbWw1jEUJAEkNgK4&_nc_zt=23&_nc_ht=scontent-iad3-2.cdninstagram.com&edm=ANo9K5cEAAAA&_nc_gid=mFAv4qPVJ5O3sE5aCR3leg&_nc_tpa=Q5bMBQLNh9QsfgVlb-T7ygLf1PjaJD3JCykoE7Cl_V3i33Cye6HE_rb_mE5VKVtrM2PBbNKA4aAvmndskQ&oh=00_AQFGgk6C_wo-xdEg2S5vnI_4rhpvnTF-3PGcAW6T_VBBUQ&oe=6A8FD461
18055825441988759	2025-01-07T04:34:09+0000	5999	💫 Minimalist wooden bedside table with drawer Ksh.5999/- | Size:40*30*42cm | ✨Multilayer storage large capacity 	https://www.instagram.com/p/DEgtkOZos25/	https://scontent-iad6-1.cdninstagram.com/v/t39.30808-6/472559194_122115863468620364_5227951554123701846_n.jpg?stp=dst-jpg_e35_tt6&_nc_cat=107&ccb=7-5&_nc_sid=18de74&efg=eyJlZmdfdGFnIjoiRkVFRC5iZXN0X2ltYWdlX3VybGdlbi5DMyJ9&_nc_ohc=NT7L4yIuy3kQ7kNvwEagLZt&_nc_oc=AdoeHbZ-1mGMqH-oSh4kZNj1V_gp3OuqFIg7GNIbl9PhNYNtpNuvpiEOc5xTAYFO7_c&_nc_zt=23&_nc_ht=scontent-iad6-1.cdninstagram.com&edm=ANo9K5cEAAAA&_nc_gid=mFAv4qPVJ5O3sE5aCR3leg&_nc_tpa=Q5bMBQLG-eqow7mYB2LwJ0yXDAg2ZhEhz-8CMP3Dr0o0Ek7K4ENK-iRmP7MbVIAxC0mpEJzXjHuhy7jHxw&oh=00_AQEXlLGMlINPj5iXEP0zw8UHnsA9gkFmz6mvF78zLf6wfw&oe=6A8FD6E0
18045297659241385	2025-01-05T08:05:31+0000		CARTOON THEMED KIDS TROLLEY BAGS | ▫️Material: ABS+PCtcase on wheelsAGS | ▫️Children suitcase on wheels	https://www.instagram.com/p/DEb8Kkjoo5g/	https://scontent-iad6-1.cdninstagram.com/v/t39.30808-6/472195421_122115541028620364_7242145706160069023_n.jpg?stp=dst-jpg_e35_tt6&_nc_cat=100&ccb=7-5&_nc_sid=18de74&efg=eyJlZmdfdGFnIjoiRkVFRC5iZXN0X2ltYWdlX3VybGdlbi5DMyJ9&_nc_ohc=GJJMJsqRomUQ7kNvwEYP0CW&_nc_oc=AdqqLdJJR_MqXPKud0I7v3BnprbGC2o33ns2zlKMkotoPrmNv1RCfBcgVtb5F2DuDBM&_nc_zt=23&_nc_ht=scontent-iad6-1.cdninstagram.com&edm=ANo9K5cEAAAA&_nc_gid=mFAv4qPVJ5O3sE5aCR3leg&_nc_tpa=Q5bMBQIWqDZKoLXB1qqRVisYqjo52KvLxIt1ypHxj-vDekc6vZCRGDE7zHM6TRmZA9dSs7_wVh7679AeJA&oh=00_AQHhRQpfnTNWzPq9amFAvs1eMxQuI7ut8o4ipzDN6SDjYQ&oe=6A8FB524
18260985265259705	2025-01-04T14:00:18+0000		NORDIC LUXURY DOUBLE DRAWER BEDSIDE CABINET | NORDIC LUXURY DOUBLE-DRAWER BEDSIDE CABINET |  ▫️Colors:white	https://www.instagram.com/p/DEZ_-LaNG8V/	https://scontent-iad3-1.cdninstagram.com/v/t39.30808-6/471771247_122114836568620364_5077464961696709855_n.jpg?stp=dst-jpg_e35_tt6&_nc_cat=108&ccb=7-5&_nc_sid=18de74&efg=eyJlZmdfdGFnIjoiRkVFRC5iZXN0X2ltYWdlX3VybGdlbi5DMyJ9&_nc_ohc=vnkiy5Uysr8Q7kNvwG-Qwb1&_nc_oc=AdrkBjhC8PjdjbAObkbBW1uh7gY3JPyaKwe9pJNVUKa9H6LjO5kiq3KY29FJeuBAMQg&_nc_zt=23&_nc_ht=scontent-iad3-1.cdninstagram.com&edm=ANo9K5cEAAAA&_nc_gid=mFAv4qPVJ5O3sE5aCR3leg&_nc_tpa=Q5bMBQK-yAfF19N9LYnh6FbO8tUyhHmYH0IwXbP-0E_Cpv567TaZyMpHF1L5fu1MJDxTttTCPa86VC0AFQ&oh=00_AQHyqr8ZRZQQEC_YkgEjYt92-V9tAwEbIfHgjgVz_YrA4Q&oe=6A8FA33B
17863859850297934	2025-01-02T07:00:16+0000	1950	KIDS QUALITY SWIMMING COSTUME | 💳 Price: ksh 1950 | ▫️ Colours: pink, blue	https://www.instagram.com/p/DEUGULfMXV0/	https://scontent-iad6-1.cdninstagram.com/v/t39.30808-6/472127630_122114836364620364_6027185333024358864_n.jpg?stp=dst-jpg_e35_tt6&_nc_cat=102&ccb=7-5&_nc_sid=18de74&efg=eyJlZmdfdGFnIjoiRkVFRC5iZXN0X2ltYWdlX3VybGdlbi5DMyJ9&_nc_ohc=MIFGD_AfEm0Q7kNvwH_Oh0M&_nc_oc=AdptdOPUF-4TNjS6m0bd9lDQn4xxk4WWYxBoc_yIXrvp0A9LeUCCo2_vKKjSsQVHP6Q&_nc_zt=23&_nc_ht=scontent-iad6-1.cdninstagram.com&edm=ANo9K5cEAAAA&_nc_gid=mFAv4qPVJ5O3sE5aCR3leg&_nc_tpa=Q5bMBQKnAH9dSyg2jd4Wq0oRIHtMq8ObzhDHyF0XP7JYaaFNbZKftLt3Z9RGVokHqL2PSSwDCWkLlRxOmA&oh=00_AQF111chJZpu5nviCXilTvs-m_Lxez2_aPghCvrsBA0mLA&oe=6A8FAB21
17995812080741065	2025-01-02T07:00:10+0000	2400	BREAKFAST TABLE/WORK TABLE | 💳 Price: ksh 2,400/- | ▫️Material: MDF	https://www.instagram.com/p/DEUGTcNpZQv/	https://scontent-iad6-1.cdninstagram.com/v/t39.30808-6/472379749_122114836736620364_7153436306775497688_n.jpg?stp=dst-jpg_e35_tt6&_nc_cat=102&ccb=7-5&_nc_sid=18de74&efg=eyJlZmdfdGFnIjoiRkVFRC5iZXN0X2ltYWdlX3VybGdlbi5DMyJ9&_nc_ohc=hJ0pUUVWR74Q7kNvwGXph8R&_nc_oc=AdpEFKIvnnVpuIM6HtZPaeucgBK8tpIA_P6RTuizt1N2PAvpkXFLQcY_lafElEQzedY&_nc_zt=23&_nc_ht=scontent-iad6-1.cdninstagram.com&edm=ANo9K5cEAAAA&_nc_gid=lczxxUPGb-skorW48kMKqA&_nc_tpa=Q5bMBQJAAWVvxLRh1dNpC8AkOqbEyzcclVeyiIMDqzCof-mFegor-eIjalRHOxxUhONZpCinshQskVvQLQ&oh=00_AQFqn8e3N3NlWbtZ_oiRgoajw3FlPNo9nLCd1hPbATo2KA&oe=6A8FBB41
17868004599199944	2025-01-01T08:42:05+0000	550	WATERPROOF KIDS APRON | 💳 Price: ksh 550 | ▫️Durable and lightweight.	https://www.instagram.com/p/DERtK-yI6nM/	https://scontent-iad3-1.cdninstagram.com/v/t39.30808-6/471794411_122114836208620364_770368565538507920_n.jpg?stp=dst-jpg_e35_tt6&_nc_cat=101&ccb=7-5&_nc_sid=18de74&efg=eyJlZmdfdGFnIjoiRkVFRC5iZXN0X2ltYWdlX3VybGdlbi5DMyJ9&_nc_ohc=OpmVBk_VxDMQ7kNvwFxSOYS&_nc_oc=AdoU5L1myCGql5n3rDQNEYjC0GEiZ4o1VzbPrIpk23ayocUx3Las-1ThXQdr8svGEyc&_nc_zt=23&_nc_ht=scontent-iad3-1.cdninstagram.com&edm=ANo9K5cEAAAA&_nc_gid=lczxxUPGb-skorW48kMKqA&_nc_tpa=Q5bMBQKMd9pAyoNUd4Zi9odSo5qU_AWqZ7sEZp2sWR_iHVu8xX--WYF4mXZ1j1CnuomX1fhLlSb7lfNd6Q&oh=00_AQGFfly2ngfnwCHl7to260fnPJH8ux8X1OWn91KGxE57QQ&oe=6A8FCB81
17986552082620305	2024-12-31T06:02:20+0000	2499	KIDS QUALITY UNISEX SNEAKERS | 💳 Price: ksh 2,499/- | ▫️ Colours:	https://www.instagram.com/p/DEO2GD9IOrG/	https://scontent-iad3-2.cdninstagram.com/v/t39.30808-6/472151894_122114624222620364_6542717928983836762_n.jpg?stp=dst-jpg_e35_tt6&_nc_cat=103&ccb=7-5&_nc_sid=18de74&efg=eyJlZmdfdGFnIjoiRkVFRC5iZXN0X2ltYWdlX3VybGdlbi5DMyJ9&_nc_ohc=wmx1YiSQ5OIQ7kNvwHZqm2H&_nc_oc=AdpJRU7uAN9KGIbXbfVJqOgBwnvVUkeczRo2vAKaXcLmL1vy9pVu1mJKgB63mlUKVB8&_nc_zt=23&_nc_ht=scontent-iad3-2.cdninstagram.com&edm=ANo9K5cEAAAA&_nc_gid=lczxxUPGb-skorW48kMKqA&_nc_tpa=Q5bMBQIhMgPBYWGnhYU0IZFclL48ul99KSWpR-OMubNVGrKwn4cVt78flADmb1G9U7wt58OWlaTyz3aFgQ&oh=00_AQF_90KcipYFEongSxghlUzliO16vp7eeZ7A0m8rVUTXCw&oe=6A8FD7C7
18061759696848636	2024-12-29T16:04:05+0000		Don’t let your child miss out on these exceptional school shoes! 👟✨ | Crafted from premium, lasting leather, these shoes are built to withstand every adventure while staying lightweight and comfortable all day long. Perfect for kids of all ages, with sizes ranging from 26–40, they’re the ultimate blend of durability and style. | 💡 These aren’t just shoes—they’re the foundation of a successful year ahead. Give your little one the confidence to stride into the new year!	https://www.instagram.com/p/DEKxXmSopF-/	https://scontent-iad3-1.cdninstagram.com/v/t39.30808-6/471396590_122114372834620364_5953501478764661627_n.jpg?stp=dst-jpg_e35_tt6&_nc_cat=104&ccb=7-5&_nc_sid=18de74&efg=eyJlZmdfdGFnIjoiRkVFRC5iZXN0X2ltYWdlX3VybGdlbi5DMyJ9&_nc_ohc=yrcP4rnVXO4Q7kNvwEWBj9C&_nc_oc=AdqJ-RMLKXThk564TPPbKYFe5o6UDZluzhskBabLB0-5_QnuUVGuB2Z51Z8Op-eapY4&_nc_zt=23&_nc_ht=scontent-iad3-1.cdninstagram.com&edm=ANo9K5cEAAAA&_nc_gid=lczxxUPGb-skorW48kMKqA&_nc_tpa=Q5bMBQIz40oPPOeVOXhlo4CzN8Xjd_QWKGOPm670N1cU2ilQSUnq8KAWsZn32j0R1lxlKX3PsLZ7PIX8wA&oh=00_AQGZBzRlehqSWESC6ChEJHB1O6EwiKIuXHaA_R-T3Ntdng&oe=6A8FC987
18084029956532464	2024-11-21T04:58:58+0000	2278	Travel Neck pillows | ▪️100% memory foam traveling pillow  | ▪️ Washable soft casing	https://www.instagram.com/p/DCnvC5gIWsB/	https://scontent-iad6-1.cdninstagram.com/v/t39.30808-6/467808110_122106880022620364_6733022430221471581_n.jpg?stp=dst-jpg_e35_tt6&_nc_cat=102&ccb=7-5&_nc_sid=18de74&efg=eyJlZmdfdGFnIjoiRkVFRC5iZXN0X2ltYWdlX3VybGdlbi5DMyJ9&_nc_ohc=WIsdsGSgSsoQ7kNvwEexRoW&_nc_oc=AdrAj0qMEZGtEiztsyJsZmSe9NgUJBTzdFzvjqgpT8FX4c2Sv_3idOoqFgwPu9xa73o&_nc_zt=23&_nc_ht=scontent-iad6-1.cdninstagram.com&edm=ANo9K5cEAAAA&_nc_gid=lczxxUPGb-skorW48kMKqA&_nc_tpa=Q5bMBQIRVMb8ZJU_R1m-JmtpYD0x8n5TKRULBPotpaU_XHJlCYmUFWRkG5FJjkmt70yAypWamx2AI4yFww&oh=00_AQEt7ZcuOx-JVedpJwXlWqCWQfhPzMBN4q9yd8P68YRXPA&oe=6A8FAC8A
18029946791590115	2024-11-14T21:24:00+0000		Why scramble at the last minute when you can be ready now? Get your child’s new school bag today and enjoy peace of mind knowing you’ve checked off a major item on your list. Our collection of stylish, high-quality backpacks is perfect for every personality—plus, they're built to last the school year! 🏫 | 🕒 Shop early, avoid the chaos, and start the school year right! | ✨ High-quality & affordable	https://www.instagram.com/p/DCXeNc9ob3K/	https://scontent-iad6-1.cdninstagram.com/v/t39.30808-6/466679985_122100340058620364_3693214285295422002_n.jpg?stp=dst-jpg_e35_tt6&_nc_cat=109&ccb=7-5&_nc_sid=18de74&efg=eyJlZmdfdGFnIjoiQ0FST1VTRUxfSVRFTS5iZXN0X2ltYWdlX3VybGdlbi5DMyJ9&_nc_ohc=_xAT3gATG-cQ7kNvwHqMqHH&_nc_oc=Adrmy6PQ0cYFQ6CyPJz5JDEs_TCfQ1okKEjgKBdvNxjRYFWzpMQp3Oy1xCj3gbHisJk&_nc_zt=23&_nc_ht=scontent-iad6-1.cdninstagram.com&edm=ANo9K5cEAAAA&_nc_gid=lczxxUPGb-skorW48kMKqA&_nc_tpa=Q5bMBQKVNobE1W2Zfq0xKKtF1K3-j3pdEA8Dp5ZZgtgoB3srBfdOoypu6TBBtUH3NwaDb9CIEqN4PWDLvA&oh=00_AQHEM_RTvx-lQ8Gh7ZE018man_yozpBuxVasx_i7G0uzfA&oe=6A8FC352
18076494670585219	2024-11-12T16:15:12+0000	28/4270	@28% off. Premium laptop backpack Ksh 4270/-	https://www.instagram.com/p/DCRxR23IFui/	https://scontent-iad6-1.cdninstagram.com/v/t39.30808-6/466423736_122098221872620364_3524172561972588382_n.jpg?stp=dst-jpg_e35_tt6&_nc_cat=102&ccb=7-5&_nc_sid=18de74&efg=eyJlZmdfdGFnIjoiRkVFRC5iZXN0X2ltYWdlX3VybGdlbi5DMyJ9&_nc_ohc=uZsxlTx-OEAQ7kNvwF6H5Nu&_nc_oc=Adq5-LW2Tqyg7_UpJMzU0PQ_03VGomn1KQyBUB_fwei_dUNDFAH8FQMwI2EEMJdM2vM&_nc_zt=23&_nc_ht=scontent-iad6-1.cdninstagram.com&edm=ANo9K5cEAAAA&_nc_gid=lczxxUPGb-skorW48kMKqA&_nc_tpa=Q5bMBQKiDaOpK9hPMTR8wFbIy1XK_mHzhzDbtgb69SogTWjW2cczic43CEZzc_KkqCjYKMOqhZVrGV1sLg&oh=00_AQFbmMkUcQlIksOzDQpwn_8pWGayN8ITrb4hJ-1AnUwNWw&oe=6A8FB505
18044036558026064	2024-11-12T16:13:15+0000	28/4270	@28% off. Premium laptop backpack Ksh 4270/-	https://www.instagram.com/p/DCRxDjEIvvN/	https://scontent-iad6-1.cdninstagram.com/v/t39.30808-6/466423736_122098221872620364_3524172561972588382_n.jpg?stp=dst-jpg_e35_tt6&_nc_cat=102&ccb=7-5&_nc_sid=18de74&efg=eyJlZmdfdGFnIjoiRkVFRC5iZXN0X2ltYWdlX3VybGdlbi5DMyJ9&_nc_ohc=uZsxlTx-OEAQ7kNvwF6H5Nu&_nc_oc=Adq5-LW2Tqyg7_UpJMzU0PQ_03VGomn1KQyBUB_fwei_dUNDFAH8FQMwI2EEMJdM2vM&_nc_zt=23&_nc_ht=scontent-iad6-1.cdninstagram.com&edm=ANo9K5cEAAAA&_nc_gid=lczxxUPGb-skorW48kMKqA&_nc_tpa=Q5bMBQJHcS8qceDSoP6AAiAPi6McJgozwUZ03QINwjbNrU9r7YpLm4mVhjyp6sIT5baFcyM11l3RUQ5wpQ&oh=00_AQH2c_-dFUdR8kV9iOnLE5lnZ1AWI5RvCVCEH7ILgoxjsQ&oe=6A8FB505
18041294386899566	2024-10-24T05:43:21+0000	1999	*Washing Machine metal thickened, set of 2 Stand Base with 12 wheels on each base stand, Adjustable Heavy Duty Extensible Appliance Roller Trolley Wheels, Multifunctional Furniture Pedestal Moving Cart. For Refrigerators, Washer, Dryers, Dishwashers* | *@Kshs KSH 1,999/- | *Colour: White & Grey only*	https://www.instagram.com/reel/DBft0k3KP5H/	https://scontent-iad6-1.cdninstagram.com/o1/v/t2/f2/m86/AQPOfOHyOYnoZMq0kA4SAtJoI8X3ZQRH5fYbBDnfpOoRt4azyuv9WFU9s0vWEZwTa801bdBpoFRiqmrLUw7c3AbvzkK4cKWIL73P0Oo.mp4?_nc_cat=106&_nc_sid=5e9851&_nc_ht=scontent-iad6-1.cdninstagram.com&_nc_ohc=976H_tn0_Z0Q7kNvwHFkRby&efg=eyJ2ZW5jb2RlX3RhZyI6Inhwdl9wcm9ncmVzc2l2ZS5JTlNUQUdSQU0uQ0xJUFMuQzMuMzYwLmRhc2hfYmFzZWxpbmVfM192MSIsInhwdl9hc3NldF9pZCI6MTY2NTU4MTAxMDg0MTIwMCwiYXNzZXRfYWdlX2RheXMiOjY2NywidmlfdXNlY2FzZV9pZCI6MTAwOTksImR1cmF0aW9uX3MiOjMxLCJ1cmxnZW5fc291cmNlIjoid3d3In0%3D&ccb=17-1&vs=4bd89f640d184eac&_nc_vs=HBksFQIYUmlnX3hwdl9yZWVsc19wZXJtYW5lbnRfc3JfcHJvZC8yNTRGMEI5MTJCNEZBMEZBNDU2QUU2N0EwMkFGODU4RV92aWRlb19kYXNoaW5pdC5tcDQVAALIARIAFQIYRmlnX3hwdl9yZWVsc19wZXJtYW5lbnRfc3JfcHJvZC80NzM5MjU3MDg5OTY4OTdfMzM5MTgzNTYwNjIwNTcyNDY1OC5tcDQVAgLIARIAKAAYABsCiAd1c2Vfb2lsATEScHJvZ3Jlc3NpdmVfcmVjaXBlATEVAAAm4Ln3x8m19QUVAigCQzMsF0A_kOVgQYk3GBJkYXNoX2Jhc2VsaW5lXzNfdjERAHX-B2XmnQEA&_nc_gid=lczxxUPGb-skorW48kMKqA&edm=ANo9K5cEAAAA&_nc_zt=28&_nc_tpa=Q5bMBQKj0cZ-t6f3mzMWWj0_IR_ThLjZSLU7D6yyNRrhK7vxZPw90-2RO8sVulAlJUPZF5XO6n5YSJFpLA&oh=00_AQGlF_SfRNqagUR2mhtzqV12tff3a7q7juers8vN-K7sAw&oe=6A8BCD67
17870184453208194	2024-10-19T20:25:17+0000	3250	*QUALITY WATERPROOF YJ CHILDREN SCHOOL BAG* | 💳 *Price: ksh 3,250* | ▫️Material: Oxford	https://www.instagram.com/p/DBUa0qlARAy/	https://scontent-iad3-1.cdninstagram.com/v/t51.75761-15/463996941_17904126387050319_3933084949428619154_n.webp?stp=dst-jpg_e35_tt6&_nc_cat=101&ccb=7-5&_nc_sid=18de74&efg=eyJlZmdfdGFnIjoiRkVFRC5iZXN0X2ltYWdlX3VybGdlbi5DMyJ9&_nc_ohc=u7sdUOZp-ZUQ7kNvwGCyvCg&_nc_oc=Adot463petaLBqndbcTeOQG-kemA8srpfArU_C4hqWOqi_5z7H7HzLwvHeq4zum1ypQ&_nc_zt=23&_nc_ht=scontent-iad3-1.cdninstagram.com&edm=ANo9K5cEAAAA&_nc_gid=lczxxUPGb-skorW48kMKqA&_nc_tpa=Q5bMBQIjz7Y9J2IBHW3HH7hu2H7EoQ9Cr__G-AWoZp4smtJG1UfOxl4yJzd2uberhD7yJcGtrlBAnFYV1A&oh=00_AQE2CkG7EpZ_tbJig1d9Vbgjkz_TtIAVDPgUmPvc4U_t7w&oe=6A8FC5AE
18047676715988996	2024-10-16T13:23:39+0000		Led wireless multifunction  | Speaker with phone charger  | Multicolored led lights	https://www.instagram.com/p/DBL8L8tAi8_/	https://scontent-iad3-1.cdninstagram.com/v/t51.82787-15/656409874_18087450301985449_6961096648737612429_n.jpg?stp=dst-jpg_e35_tt6&_nc_cat=104&ccb=7-5&_nc_sid=18de74&efg=eyJlZmdfdGFnIjoiQ0FST1VTRUxfSVRFTS5iZXN0X2ltYWdlX3VybGdlbi5DMyJ9&_nc_ohc=y1n4OMpTU7cQ7kNvwEisaOR&_nc_oc=AdrY0RIwLoTdhWlb2G4J1g45EIa7kbSin6jWFjGoGWek0ency_EPMaH5JFH9CPBaPyo&_nc_zt=23&_nc_ht=scontent-iad3-1.cdninstagram.com&edm=ANo9K5cEAAAA&_nc_gid=lczxxUPGb-skorW48kMKqA&_nc_tpa=Q5bMBQL79ScEjwKOK8ZOQ2EssE-WBFAFHkoZNkFxXrDeIr2MM0uCLgoZCrUqpZLHPiBH3b3iEhXMtKrHTA&oh=00_AQHBQ91UX8eJ43lIaa2WsoBkh1VHDxHB6TIflx55IRJJOQ&oe=6A8FA0D4
18025256117188729	2024-10-16T12:51:57+0000	4150	Foldable Baby Potty Seat Potty Backrest Training Ladder |  ▪️Portable Toilet Potty ladder trainer | ▪️ encourages independent toilet usage.	https://www.instagram.com/reel/DBL4YBioJXc/	https://scontent-iad3-2.cdninstagram.com/o1/v/t2/f2/m86/AQO-6F_pS1NCXaGURVYWSu75CazTN6Ddfbtffs7Mg64EU0IR5JWoCdPdUQBQQpaPtIHKlfCKwj_8NK5LV_4ZoM1U5dAwrrQzckpcjeI.mp4?_nc_cat=111&_nc_sid=5e9851&_nc_ht=scontent-iad3-2.cdninstagram.com&_nc_ohc=B4_8UpT7oqUQ7kNvwEJIEWZ&efg=eyJ2ZW5jb2RlX3RhZyI6Inhwdl9wcm9ncmVzc2l2ZS5JTlNUQUdSQU0uQ0xJUFMuQzMuMzYwLmRhc2hfYmFzZWxpbmVfM192MSIsInhwdl9hc3NldF9pZCI6MTA2OTI3NTk1NDg1NDc0NCwiYXNzZXRfYWdlX2RheXMiOjY3NSwidmlfdXNlY2FzZV9pZCI6MTAwOTksImR1cmF0aW9uX3MiOjExLCJ1cmxnZW5fc291cmNlIjoid3d3In0%3D&ccb=17-1&vs=88d95b11801cc0ae&_nc_vs=HBksFQIYUmlnX3hwdl9yZWVsc19wZXJtYW5lbnRfc3JfcHJvZC9DODQyNUEzODg0MDIxOEM0MkFBRkIzOUJENDAzMjJCQV92aWRlb19kYXNoaW5pdC5tcDQVAALIARIAFQIYR2lnX3hwdl9yZWVsc19wZXJtYW5lbnRfc3JfcHJvZC8xMDY2MjU3Njc4Mzg5ODY0XzU1Mjc4MTE3ODkzNDUwOTI4MDIubXA0FQICyAESACgAGAAbAogHdXNlX29pbAExEnByb2dyZXNzaXZlX3JlY2lwZQExFQAAJrDtpdeGoOYDFQIoAkMzLBdAJszMzMzMzRgSZGFzaF9iYXNlbGluZV8zX3YxEQB1_gdl5p0BAA&_nc_gid=lczxxUPGb-skorW48kMKqA&edm=ANo9K5cEAAAA&_nc_zt=28&_nc_tpa=Q5bMBQJXGrVH68CuC4gjFMBmTuOxfcy5pXkXfPlqTmfm9zJLOHaz-SOZ_XZatji3m2TNaBT8JVtheIZ1Dg&oh=00_AQFTIvIGeuyoDcF9sOHLd0udZMlvPuSDuDQps1WykVOUcQ&oe=6A8BC250
18317006893081232	2024-10-16T07:55:37+0000	3950	Diamond luxury jewelry set | 💳 Price: ksh 3950 | ▫️Colors: Gold and Silver 	https://www.instagram.com/p/DBLWpWTgi0i/	https://scontent-iad3-2.cdninstagram.com/v/t51.82787-15/630116560_18380396464081232_470431109553240314_n.jpg?stp=dst-jpg_e35_tt6&_nc_cat=105&ccb=7-5&_nc_sid=18de74&efg=eyJlZmdfdGFnIjoiRkVFRC5iZXN0X2ltYWdlX3VybGdlbi5DMyJ9&_nc_ohc=wmZs1pn4QeIQ7kNvwHTVIEG&_nc_oc=AdoARxvytozBX7jVsu2RsG5doN3LRIDqF5ClihjL1mA41jFSbeNeEgfwDE47GrkUxJk&_nc_zt=23&_nc_ht=scontent-iad3-2.cdninstagram.com&edm=ANo9K5cEAAAA&_nc_gid=lczxxUPGb-skorW48kMKqA&_nc_tpa=Q5bMBQKsb6Galnm97A-tQsrJuKokXd2icq3F4E8bLKyZrzyasr22EvDaYPqMEU1zjWWEcQbn0zk401o3Xg&oh=00_AQGpA3l7v2-0ftAFd8E5lEuQ7QA4StPx1vvE0nhruzQUaA&oe=6A8FC63D
18010968482405041	2024-10-16T07:53:07+0000	6400/360	ADJUSTABLE/MOVABLE LAPTOP DESK | 💳 Price: ksh 6400 | ◻High quality 	https://www.instagram.com/p/DBLWXErAaRm/	https://scontent-iad3-2.cdninstagram.com/v/t51.82787-15/622981015_18054497054405041_4149415536484656325_n.jpg?stp=dst-jpg_e35_tt6&_nc_cat=111&ccb=7-5&_nc_sid=18de74&efg=eyJlZmdfdGFnIjoiRkVFRC5iZXN0X2ltYWdlX3VybGdlbi5DMyJ9&_nc_ohc=M6GQYTS5j6sQ7kNvwFCyIF3&_nc_oc=AdoGWmkVMZTNLarcCMBx5zJp3nRgStwareN5UiH3vwT7FSTFsLS-3BOviQH4OQPS6cs&_nc_zt=23&_nc_ht=scontent-iad3-2.cdninstagram.com&edm=ANo9K5cEAAAA&_nc_gid=lczxxUPGb-skorW48kMKqA&_nc_tpa=Q5bMBQKLznWjwB0xCirMCdcMLWWcxlVCrdz9hFdTbzDurBJAHN9mBOKHrJSY500dxUnYyfrp86vcVx0j3g&oh=00_AQHLjte00Bug7Wk1trklHsqioh52ntJ0gn--55ul-dVYaw&oe=6A8FD7FA
18462657499057199	2024-09-11T00:43:42+0000	2850	👛✨ Elevate Your Style with Our Luxe Handbags! | 🌟 Attention: Ready to turn heads wherever you go? Our exclusive collection of handbags is designed for the modern woman who demands both style and functionality. | 👜 From chic crossbodies to elegant totes, each piece is crafted with premium materials and attention to detail, ensuring you always look your best, whether it's at work or a night out.	https://www.instagram.com/p/C_wdZUMIRsL/	https://scontent-iad3-2.cdninstagram.com/v/t51.82787-15/656426460_18089141264239960_7133133078442899530_n.webp?stp=dst-jpg_e35_tt6&_nc_cat=103&ccb=7-5&_nc_sid=18de74&efg=eyJlZmdfdGFnIjoiQ0FST1VTRUxfSVRFTS5iZXN0X2ltYWdlX3VybGdlbi5DMyJ9&_nc_ohc=2Sgez2XCUe4Q7kNvwF5-Nl1&_nc_oc=AdoumdjmGzcTvBQYvM8OZ8TJIYqO8IlDHSiafDtB2-GqnB2vOHZP7cQIz4byjDBfWyo&_nc_zt=23&_nc_ht=scontent-iad3-2.cdninstagram.com&edm=ANo9K5cEAAAA&_nc_gid=lczxxUPGb-skorW48kMKqA&_nc_tpa=Q5bMBQIa9UQ6Yc_0c6c3KRonWrVjFS7jQFky-CJFrNSqddCFrQzB0zkSnx1-G1TI5p-jLnRiwUW4MoEU_g&oh=00_AQFScS-9y7r-qi3u433La_4Asz9eM3Ipl7Gvm6hShRT9tg&oe=6A8FD12C
18029058392251370	2024-09-10T16:04:28+0000		✨ Luxury Meets Elegance ✨ | Introducing the Djrm Classic Bag – where style meets sophistication! This stunning maroon handbag features intricate detailing, a sleek design, and comes with a matching mini-pouch for added convenience. Perfect for any occasion, whether you're headed to the office or out for a night on the town! | 💼 Key Features:	https://www.instagram.com/p/C_vh-OrKd13/	https://scontent-iad6-1.cdninstagram.com/v/t51.82787-15/658481225_18074644598546467_6617085459865951056_n.jpg?stp=dst-jpg_e35_tt6&_nc_cat=102&ccb=7-5&_nc_sid=18de74&efg=eyJlZmdfdGFnIjoiQ0FST1VTRUxfSVRFTS5iZXN0X2ltYWdlX3VybGdlbi5DMyJ9&_nc_ohc=RdeXytuX0aYQ7kNvwFV241X&_nc_oc=AdqTktVP8z2qGNwNmze6rXS4VqYiHuElXHKLTDEAykqJFHwdvJ9AXq5EQMZz_D6cIA4&_nc_zt=23&_nc_ht=scontent-iad6-1.cdninstagram.com&edm=ANo9K5cEAAAA&_nc_gid=lczxxUPGb-skorW48kMKqA&_nc_tpa=Q5bMBQKElHDcKTELvfHP35KlFM5-BjqCz7OZd8Yg1Ao_cpK64TB6LHRenlH4HDGYK9F8rJbTAYVQHOXO8w&oh=00_AQHeEZnoZ-e4Jnw5jagsX9KXPqk_8QawXzfdo8D1lw0BRg&oe=6A8FB09A
18125635207368963	2024-08-08T05:37:25+0000	1944	*Travel Neck pillows* | ▪️100% memory foam travelling pillow  | ▪️ Washable soft casing	https://www.instagram.com/p/C-Zb-uNtgHk/	https://scontent-iad3-2.cdninstagram.com/v/t51.82787-15/658309893_18061256990380970_5537126167828819626_n.webp?stp=dst-jpg_e35_tt6&_nc_cat=111&ccb=7-5&_nc_sid=18de74&efg=eyJlZmdfdGFnIjoiQ0FST1VTRUxfSVRFTS5iZXN0X2ltYWdlX3VybGdlbi5DMyJ9&_nc_ohc=x8_Vb8lkQMAQ7kNvwHO4foF&_nc_oc=AdoG8-_sRVB25aDM61gFTWgBliTx5SABDiLV7kgScVoWbTAHUVbSsSQ_tK0_1TAHgdM&_nc_zt=23&_nc_ht=scontent-iad3-2.cdninstagram.com&edm=ANo9K5cEAAAA&_nc_gid=lczxxUPGb-skorW48kMKqA&_nc_tpa=Q5bMBQLrVj8ze7aoky61U3v1nkx91mSAyT8g34o_e6UeQklTlaK7_iKuUmQjCVyAINSqI3QQKhOOuEMxNg&oh=00_AQFbAcWtYBArcCtNYypv5N9ve9uFYslbbhRTltkLVMCrTA&oe=6A8FAA78
17968618682738894	2024-06-10T02:17:17+0000		WHY OWN THIS *FOLDABLE BREAKFAST TABLE/WORK TABLE* | •\tUltimate Convenience & Portability: This stand folds flat for easy storage and transport, perfect for on-the-go use or small spaces. | •\tDouble Duty Design: Use it as a computer desk, bed table, or multi-purpose stand for reading, writing, or crafting.	https://www.instagram.com/p/C8BKLP-q65G/	https://scontent-iad6-1.cdninstagram.com/v/t51.82787-15/670890235_18091321249916971_1252312427866352660_n.jpg?stp=dst-jpg_e35_tt6&_nc_cat=102&ccb=7-5&_nc_sid=18de74&efg=eyJlZmdfdGFnIjoiQ0FST1VTRUxfSVRFTS5iZXN0X2ltYWdlX3VybGdlbi5DMyJ9&_nc_ohc=pe-dOESqI2oQ7kNvwG2dCfu&_nc_oc=AdoRW3GOXj-2jrSjLDxRJ526Qrx5l9R1xmW6O9jQk_p0N-AcNnYh2jyqpZiuQ2O4HSw&_nc_zt=23&_nc_ht=scontent-iad6-1.cdninstagram.com&edm=ANo9K5cEAAAA&_nc_gid=lczxxUPGb-skorW48kMKqA&_nc_tpa=Q5bMBQK0dEiFXiST79ljQxCsJ44qUx_NKYXz_0a3KjRYs6wQ9J26Rs03q0szlrKjEG6CC6GBfRtaxKaRVg&oh=00_AQEZmhjgF3g8P5djBex-xCCflBwhm6zuEM8TeyPMoAB70g&oe=6A8FA7D6
18038223967750820	2024-06-08T10:53:10+0000	5879	High-End Luxurious and Simple Side Table | 💳Price *ksh 5879 | ▫️ Mable effect 	https://www.instagram.com/p/C787oCMtGMM/	https://scontent-iad3-1.cdninstagram.com/v/t51.82787-15/626278387_18095333425750820_5551463584360330500_n.webp?stp=dst-jpg_e35_tt6&_nc_cat=108&ccb=7-5&_nc_sid=18de74&efg=eyJlZmdfdGFnIjoiRkVFRC5iZXN0X2ltYWdlX3VybGdlbi5DMyJ9&_nc_ohc=pdeAPBUQ_0EQ7kNvwHUjwf2&_nc_oc=AdpWg7zuXjQffRETvGo7c77Cen8sSP1-Xrc8Prvo0Qy5ertIxEVfVHqCK9wLJ1xWk-8&_nc_zt=23&_nc_ht=scontent-iad3-1.cdninstagram.com&edm=ANo9K5cEAAAA&_nc_gid=t2pEaMbjxJlzHcJLZUZVzg&_nc_tpa=Q5bMBQIRgn7uYH2xymIg6ZsPIwIItasd8Ngv8ALMPHviSX6e-IJWRgPyrqVwC8TB5cY5Z2sDSdokWuj3WA&oh=00_AQF1JqZpGHLbRXv5GXtpPoJw80o9986cBUd5z6yOrh9GHg&oe=6A8FC1F6
18039573562889689	2024-05-28T05:00:25+0000		The only bag you'll ever need.- stylish, spacious, and ready for anything. a bag that seamlessly transitions from work to weekend.✨ Made with lasting quality, it's the perfect companion for the Everyday Queen in you. | Shop now AT 37% OFF 👉 https://bit.ly/4dHWQLj | #handbag #bags #purse #fashion #style #ootd #accessories #instafashion #handbaglover 	https://www.instagram.com/reel/C7f-eO_t_Uj/	
18059573905601785	2024-05-28T04:58:22+0000	4620	Cordless Digital Air Compressor/Tyre Inflator | 🥏 Ksh. 4,620/- 🥏 | 🤩 Stock Clearance 🤩	https://www.instagram.com/reel/C7f-PTNJC8H/	https://scontent-iad3-2.cdninstagram.com/o1/v/t2/f2/m82/AQM2a5ySmEqrqNSB3wy8JdY5PAhgTd7ncugj3tAAuaSk9FCZ0Dq4rwI2pYDZVWXQ9XxOVgWnmwLJg4ZZnqaCbDwE0QYOpvqwu0SyLRM.mp4?_nc_cat=111&_nc_sid=5e9851&_nc_ht=scontent-iad3-2.cdninstagram.com&_nc_ohc=44WrDJkNFy4Q7kNvwHslC2N&efg=eyJ2ZW5jb2RlX3RhZyI6Inhwdl9wcm9ncmVzc2l2ZS5JTlNUQUdSQU0uQ0xJUFMuQzMuNzIwLmRhc2hfYmFzZWxpbmVfMV92MSIsInhwdl9hc3NldF9pZCI6MjQzODg0Mzc2NjUwNTEyMywiYXNzZXRfYWdlX2RheXMiOjgxNiwidmlfdXNlY2FzZV9pZCI6MTAwOTksImR1cmF0aW9uX3MiOjM4LCJ1cmxnZW5fc291cmNlIjoid3d3In0%3D&ccb=17-1&vs=419a2340dcc66aa8&_nc_vs=HBksFQIYT2lnX3hwdl9yZWVsc19wZXJtYW5lbnRfcHJvZC9EODQzM0FGQUIwQTc1MjZBNzJCRTMwNjY1M0Q4Mjk4Ql92aWRlb19kYXNoaW5pdC5tcDQVAALIARIAFQIYRmlnX3hwdl9yZWVsc19wZXJtYW5lbnRfc3JfcHJvZC8zMjEyMDY4NDc2OTEzNDNfMTAyMDI4NzgyODA2NzMzNDc4Ny5tcDQVAgLIARIAKAAYABsCiAd1c2Vfb2lsATEScHJvZ3Jlc3NpdmVfcmVjaXBlATEVAAAmxvrrhbKH1QgVAigCQzMsF0BDFT987ZFoGBJkYXNoX2Jhc2VsaW5lXzFfdjERAHX-B2XmnQEA&_nc_gid=t2pEaMbjxJlzHcJLZUZVzg&edm=ANo9K5cEAAAA&_nc_zt=28&_nc_tpa=Q5bMBQIZ7TTpdERm83r-iEEc6b7nvm4DfEXZ1XJpGYDbI9SoxoYGICFVf-8XiAnd-9-Lill_9DzREJRLwg&oh=00_AQFkHaxavxiNsFLh2ks6zg6HzgwE74Urc8v8s6WA_PoRCg&oe=6A8BC160
17979482594543776	2024-05-27T01:04:50+0000	2872	A perfect handbag that meets all your needs. 3-1 set | Get yours at @ KSH2872 | CALL 🤙 0722658824 or 0712571898	https://www.instagram.com/p/C7c-wa2oBkS/	https://scontent-iad3-2.cdninstagram.com/v/t51.82787-15/621668452_18036315584543776_1635090612791050096_n.webp?stp=dst-jpg_e35_tt6&_nc_cat=105&ccb=7-5&_nc_sid=18de74&efg=eyJlZmdfdGFnIjoiRkVFRC5iZXN0X2ltYWdlX3VybGdlbi5DMyJ9&_nc_ohc=a3EZhKRerT4Q7kNvwHc_XAj&_nc_oc=AdoDVwYDhUujFltXlu8S0DP4HJ9DLwdZonKV9UZOMlNeIKrCPkjXcwrVMvzUWXwAhco&_nc_zt=23&_nc_ht=scontent-iad3-2.cdninstagram.com&edm=ANo9K5cEAAAA&_nc_gid=t2pEaMbjxJlzHcJLZUZVzg&_nc_tpa=Q5bMBQKOLMPiEN4ZgtsTlhoRVZOkVLH45GCArWTv4FeBjoNDl9aIOEmUOpr6p9l6b60-jfN6dGHOE5IzxA&oh=00_AQFb6NNzbK1nkeF9x6PVfjT51LUnRHVEwhomlpGsUOtZfw&oe=6A8FD44D
17884518147045847	2024-05-12T11:59:56+0000		More than just a backpack, it's a statement piece!  Our vibrant colors & trendy designs let their personalities shine. ✨ Lightweight & comfy for all-day wear. Shop their perfect match! | click to order https://rosalfashions.co.ke/school-days-got-easier-comfy-padded-backpack-with-water-bottle-pockets-2-2/ | or call 0712571898	https://www.instagram.com/p/C63hzVmKSGS/	https://scontent-iad3-2.cdninstagram.com/v/t39.30808-6/481682820_619833194271845_4944500542811435558_n.jpg?stp=dst-jpg_e35_tt6&_nc_cat=111&ccb=7-5&_nc_sid=18de74&efg=eyJlZmdfdGFnIjoiQ0FST1VTRUxfSVRFTS5iZXN0X2ltYWdlX3VybGdlbi5DMyJ9&_nc_ohc=pQiwJ4-RIHkQ7kNvwF8O2fi&_nc_oc=AdoMyF1lOooBGSWJEECsIzzKBbIXD6UMQfX2VYcERLEs7tQ5A_bsIilDAMbtO4G8tQg&_nc_zt=23&_nc_ht=scontent-iad3-2.cdninstagram.com&edm=ANo9K5cEAAAA&_nc_gid=t2pEaMbjxJlzHcJLZUZVzg&_nc_tpa=Q5bMBQLb5PvEEu7gGHluIIV6osTp-W7rwnpJbbNEWx80SNzKWv2bg4OMd7olXMEDqKrtHrMccPbUOaIxOg&oh=00_AQEVaNHjltBLyYHiPld_hx5d8imjJ5p1sm5a2RmNaH1n7g&oe=6A8FBA73
18068000431513953	2024-05-10T15:37:42+0000		Invest in a solar power bank and say goodbye to outlet dependence! Order now and unlock the convenience of solar charging at an unbeatable price. Plus, get FREE shipping for a limited time! Don't miss out - order yours today! ORDER NOW➡https://bit.ly/3xZSdfm | #SolarSavings #FreeShippingDeal	https://www.instagram.com/p/C6yxIqdq30_/	https://scontent-iad6-1.cdninstagram.com/v/t39.30808-6/481204480_619831530938678_5785355896076651992_n.jpg?stp=dst-jpg_e35_tt6&_nc_cat=100&ccb=7-5&_nc_sid=18de74&efg=eyJlZmdfdGFnIjoiQ0FST1VTRUxfSVRFTS5iZXN0X2ltYWdlX3VybGdlbi5DMyJ9&_nc_ohc=uFGkMs0YN2IQ7kNvwFUSk_E&_nc_oc=AdpevdhXgeiZXsceKWYrDGZAjSo-HNRJP1YGiSwgH3kZWawzkCt7e9xfX4NyQ614UZc&_nc_zt=23&_nc_ht=scontent-iad6-1.cdninstagram.com&edm=ANo9K5cEAAAA&_nc_gid=t2pEaMbjxJlzHcJLZUZVzg&_nc_tpa=Q5bMBQKnEk0KAVgsG3QWge9c-qxQLvvYCQPnZCjM3_gJWdvIM7zwnCRRFnCpPVc-sgmATyqzWZAjNYsoiA&oh=00_AQF8iVKoxgVxYcQcPUBkYe1GPD1iSnqjnmYF5Hfl5fTYEA&oe=6A8FA4FD
18022624262067414	2024-03-10T21:35:07+0000		🌟 Elevate Your Style: The Ultimate Waterproof Business Backpack! 🌟 | Say goodbye to ordinary backpacks! Introducing our Waterproof Business Backpack – a fusion of functionality, durability, and modern design. | Whether you’re a student, a professional, or an adventurer, this backpack is your ideal companion. It’s not just about carrying your essentials; it’s about making a statement.	https://www.instagram.com/p/C4WVjFOqUzb/	https://scontent-iad3-1.cdninstagram.com/v/t51.82787-15/669597055_18070318055282104_3750083398872486674_n.jpg?stp=dst-jpg_e35_tt6&_nc_cat=110&ccb=7-5&_nc_sid=18de74&efg=eyJlZmdfdGFnIjoiQ0FST1VTRUxfSVRFTS5iZXN0X2ltYWdlX3VybGdlbi5DMyJ9&_nc_ohc=3tsv2ta6FXMQ7kNvwHY6AYc&_nc_oc=Adp6VYi4OKQK7r3ArPZRK7tFhrQZaRwCXa8h4ChgnZ6gRH6aAGpDpoQkQ2KSHQR3r0w&_nc_zt=23&_nc_ht=scontent-iad3-1.cdninstagram.com&edm=ANo9K5cEAAAA&_nc_gid=t2pEaMbjxJlzHcJLZUZVzg&_nc_tpa=Q5bMBQJGoMSptnF7J4Oltyhq8xRBVy48aQzQ6A5KFqAZ5iGqJ8R7eRcoeJNQWy4NxKPiYONlm8olfmobdA&oh=00_AQGdpUp4Uf8rg0mvsKepZuP-z-vsNbvgtsptvhb5VASxaA&oe=6A8FB1A3
18035582146688787	2024-01-24T06:08:20+0000		The Hustle-Proof Handbag for the Everyday Queen: Conquer your day in style with this designer-inspired leather bag at an unbeatable price. #fashion #style #handbag #leatherbag #affordableluxury #everydaybag #workbag #totebag #crossbodybag #satchelbag #statementbag #versatilebag #musthavebag #sale #discount #freeshipping #queenlife #bossbabe #girlboss #hustleandheart #treatyourself #designerinspired #shopnow https://bit.ly/48IC2QU	https://www.instagram.com/p/C2eO62qNMij/	https://scontent-iad3-1.cdninstagram.com/v/t51.82787-15/622064552_18106292437688787_200610155863326746_n.webp?stp=dst-jpg_e35_tt6&_nc_cat=101&ccb=7-5&_nc_sid=18de74&efg=eyJlZmdfdGFnIjoiRkVFRC5iZXN0X2ltYWdlX3VybGdlbi5DMyJ9&_nc_ohc=-k1osP-9aPsQ7kNvwFh-KmF&_nc_oc=Adq645td40EswWPS59wFTRORMTsD9Vr_A2rOtY99EprjA_9uKSpiimUDnv-XVbr9QOU&_nc_zt=23&_nc_ht=scontent-iad3-1.cdninstagram.com&edm=ANo9K5cEAAAA&_nc_gid=t2pEaMbjxJlzHcJLZUZVzg&_nc_tpa=Q5bMBQJ37Kwne1hiKmceuFAiNsm1hoGagDIpLY1N-ZW6IBx3yAKZsGj7k1LCrg8O6aAwbzeBv-R7nvT5Tg&oh=00_AQHTP92VWdUXblaVwyzFc3O6Aj1vOlQQYJL4-hHz10jb3Q&oe=6A8FB8BE
18215120134280124	2024-01-24T06:04:26+0000		Upgrade your fitness game with the HK21 AMOLED Smartwatch!  This stylish smartwatch boasts a long-lasting battery, built-in GPS, accurate heart rate monitoring, and multiple sport modes to help you crush your goals.  Plus, its sleek AMOLED display will keep you looking sharp wherever you workout.  Don't miss out on our limited-time offer!  | #HK21AMOLED #smartwatch #fitness #health #style #workout #gps #heart rate #AMOLED #display #battery #sport #goals #fashion #sale #discount #limitedtimeoffer	https://www.instagram.com/p/C2eOeN0tUoo/	https://scontent-iad3-1.cdninstagram.com/v/t51.82787-15/654160894_18109846009828094_7647485991933596119_n.webp?stp=dst-jpg_e35_tt6&_nc_cat=104&ccb=7-5&_nc_sid=18de74&efg=eyJlZmdfdGFnIjoiQ0FST1VTRUxfSVRFTS5iZXN0X2ltYWdlX3VybGdlbi5DMyJ9&_nc_ohc=ZO9LECZGn_oQ7kNvwFs145F&_nc_oc=AdrCmnWlY8nxjHUeqVRMsUmG12O4EDrPdV5OTglqUGfD9MHsCsHFbHK324hipMMUzpY&_nc_zt=23&_nc_ht=scontent-iad3-1.cdninstagram.com&edm=ANo9K5cEAAAA&_nc_gid=t2pEaMbjxJlzHcJLZUZVzg&_nc_tpa=Q5bMBQIRnp09Id4SnuivmY56SDz3FRVC78ziqjIBAk8s5RzersHMN3M8sJ-qqrzbVTK4XE1PdBA8Vexshw&oh=00_AQHVn2Dwkmneo0subBueMGGUH7947nyKukIja80kJastjQ&oe=6A8FCE2F
17988694814433520	2023-11-15T01:10:42+0000	3500	Secure Your Space with the 360° Bulb Camera for just Ksh. 3,500! 🌐 Monitor remotely via your smartphone and enjoy nationwide delivery. 🚚 Elevate your safety game with #SecurityCamera #CCTVCamera while enjoying the convenience of #OnlineShopping in Kenya. Don't miss out on the fun - #KenyanTikTok 🇰🇪, #KenyanComedy, and explore #SideHustles with cutting-edge tech. Grab yours now! #CapCut" | shop link on bio or call 0712571898/-	https://www.instagram.com/reel/CzpdFigtWC6/	https://scontent-iad3-1.cdninstagram.com/o1/v/t2/f2/m82/AQM5kFxAiEetYhXBh-f5TrwYJoO3uujdg09aXbQAJCQ1meSE-lp9dP84-it91Jb-Zr4Kq-Ogd7-kWFaV9LPVKLbjr7UD8jxQyAJXvoY.mp4?_nc_cat=110&_nc_sid=5e9851&_nc_ht=scontent-iad3-1.cdninstagram.com&_nc_ohc=K_Drb52gscoQ7kNvwGhL004&efg=eyJ2ZW5jb2RlX3RhZyI6Inhwdl9wcm9ncmVzc2l2ZS5JTlNUQUdSQU0uQ0xJUFMuQzMuNTc2LmRhc2hfYmFzZWxpbmVfMV92MSIsInhwdl9hc3NldF9pZCI6MzIxOTE1MDM2NTA1NzI2MiwiYXNzZXRfYWdlX2RheXMiOjEwMTEsInZpX3VzZWNhc2VfaWQiOjEwMDk5LCJkdXJhdGlvbl9zIjo1OCwidXJsZ2VuX3NvdXJjZSI6Ind3dyJ9&ccb=17-1&vs=2bf9d9a491f6f31b&_nc_vs=HBksFQIYT2lnX3hwdl9yZWVsc19wZXJtYW5lbnRfcHJvZC83RDRFMUREOTFDNjFBOEQzMjdEMUJGMUZFNEM4OUU4MV92aWRlb19kYXNoaW5pdC5tcDQVAALIARIAFQIYOnBhc3N0aHJvdWdoX2V2ZXJzdG9yZS9HTmw5Q3hiY1l6N3lxazBDQUxzTFB5VEE3S0loYnFfRUFBQUYVAgLIARIAKAAYABsCiAd1c2Vfb2lsATEScHJvZ3Jlc3NpdmVfcmVjaXBlATEVAAAm3IPnn5vztwsVAigCQzMsF0BNGZmZmZmaGBJkYXNoX2Jhc2VsaW5lXzFfdjERAHX-B2XmnQEA&_nc_gid=t2pEaMbjxJlzHcJLZUZVzg&edm=ANo9K5cEAAAA&_nc_zt=28&_nc_tpa=Q5bMBQLita2SPrDRe3ebMnYLXp3Aa26ckEul-oigmw-xeXjirllgpBoxDzTcOoEqA0NeBqroKU8hv51W2g&oh=00_AQEOfAEqU2TWaAJf6xI4DZ_NSDqk4rocoQ35IH-Vb9qMgQ&oe=6A8BE167
18242449459232870	2023-11-08T21:46:27+0000	4950	Make the smart choice today! Enhance your life with the Z83 Max PRO Smart Watch. 😍 | Stay Connected: Make Bluetooth calls, receive messages, and never miss important updates. | ❤️ Health at a Glance: Monitor your heart rate, blood pressure, and sleep quality.	https://www.instagram.com/p/CzZpEZpqgVx/	https://scontent-iad6-1.cdninstagram.com/v/t51.82787-15/652795659_17997632666873775_6754086869733030132_n.jpg?stp=dst-jpg_e35_tt6&_nc_cat=106&ccb=7-5&_nc_sid=18de74&efg=eyJlZmdfdGFnIjoiQ0FST1VTRUxfSVRFTS5iZXN0X2ltYWdlX3VybGdlbi5DMyJ9&_nc_ohc=oV3trWb4yhEQ7kNvwEUVoD-&_nc_oc=AdqOvBfB-1ruTnwQRV__vj1_Ajugqc_788O3ay7SlWddLPOiSo0mo9EUkaCuQf0vpOY&_nc_zt=23&_nc_ht=scontent-iad6-1.cdninstagram.com&edm=ANo9K5cEAAAA&_nc_gid=t2pEaMbjxJlzHcJLZUZVzg&_nc_tpa=Q5bMBQJFb1gEpfjVvgbtBmtZxncIox0Ar46rxjXmx5w86MSdnNDRKPkzoTJpNDC5pxb_ImTwNMZ_YKQXGw&oh=00_AQF0eijJhUbNenTIeE-bMjoBZZnQL8dVPOspcxFvmeetVA&oe=6A8FD8AF
18279623824195794	2023-10-03T02:33:09+0000	1699	Chained to Style! 🔗 Elevate your fashion game with our designer sling bag. 💼 Price: Ksh 1699. Available in light brown, wine red, and classic black. Get yours now! 0712571898 | #FashionForward #slingbagchic #handbag #makeup #sneakers #ladiesfashion #ladieswear #ladiesshoes	https://www.instagram.com/p/Cx64d4DI1yf/	https://scontent-iad6-1.cdninstagram.com/v/t51.82787-15/628403110_18392451895195794_1976554528779904987_n.jpg?stp=dst-jpg_e35_tt6&_nc_cat=106&ccb=7-5&_nc_sid=18de74&efg=eyJlZmdfdGFnIjoiRkVFRC5iZXN0X2ltYWdlX3VybGdlbi5DMyJ9&_nc_ohc=_vpW6Yq11zcQ7kNvwFP5__P&_nc_oc=Adr1gRzjg2TPMiodbIuyvcR3tNWWlKtQ80Tgi3D36RhaHezb6ZvzxDyYFNlfsI2Rn5Q&_nc_zt=23&_nc_ht=scontent-iad6-1.cdninstagram.com&edm=ANo9K5cEAAAA&_nc_gid=t2pEaMbjxJlzHcJLZUZVzg&_nc_tpa=Q5bMBQK8oH1AiAwoADO5X2J_J6eniIAp5nmQBKxg0UBPoTWApMiL5fL_ST6O2Wcmnk5jr8MR-2UT-gxt1g&oh=00_AQEtJmj9KlKv7p__Z7AuhjuAiUbci_MMdIOVGm9BcFYFfg&oe=6A8FBF31
18238765879170771	2023-10-01T07:51:09+0000		"Revive Your Ride with Style! 🚗🔥 Grab our Car Dent Puller for just Kshs 999 per piece, available in vibrant Orange and sleek Black. Say goodbye to dents and hello to a flawless finish!  | 0712571898 | 🛠️✨ #CarCare #DentRemoval #OrangeAndBlackBeauty	https://www.instagram.com/p/Cx2TROaqn9U/	https://scontent-iad3-2.cdninstagram.com/v/t51.82787-15/654998129_18305884438276230_1971519466309614754_n.jpg?stp=dst-jpg_e35_tt6&_nc_cat=105&ccb=7-5&_nc_sid=18de74&efg=eyJlZmdfdGFnIjoiQ0FST1VTRUxfSVRFTS5iZXN0X2ltYWdlX3VybGdlbi5DMyJ9&_nc_ohc=u4djvyRiahwQ7kNvwEk0Bap&_nc_oc=AdrXeBwBdlDsba3HEb7P4i6U_0hsSBDrwagcvad2dA3oI3KY3swY4mFbo49g7rxYO2E&_nc_zt=23&_nc_ht=scontent-iad3-2.cdninstagram.com&edm=ANo9K5cEAAAA&_nc_gid=t2pEaMbjxJlzHcJLZUZVzg&_nc_tpa=Q5bMBQL_PJg-KeInStvsqbclPEN-YueSdIel6nOjwJimuKrVMc-lvxu0xjAKNLL2lCRnhkYVgcep4KENPw&oh=00_AQFQV1ywGI4bPU2Ay80cBMmDWQ1_AVwmx8HG5PfyK3cwOQ&oe=6A8FA951
